{"rows_original": 100000, "rows_training": 79932, "rows_holdout": 20068, "rows_synthetic": 100000, "tgt_columns": 80, "ctx_columns": 0, "trn_tgt_columns": ["dog", "cat", "rabbit", "deer", "panda", "koala", "otter", "hedgehog", "squirrel", "dolphin", "penguin", "turtle", "elephant", "giraffe", "lamb", "goat", "cow", "horse", "donkey", "pony", "llama", "mouse", "hamster", "guinea", "duck", "chicken", "sparrow", "parrot", "finch", "canary", "bee", "butterfly", "ladybug", "snail", "frog", "cricket", "tamarin", "wallaby", "wombat", "zebra", "flamingo", "peacock", "bat", "fox", "beaver", "monkey", "seal", "robin", "loon", "swan", "goldfish", "minnow", "mole", "shrew", "puffin", "owl", "bunny", "bear", "chipmunk", "cub", "acorn", "leaf", "cloud", "rainbow", "puddle", "berry", "apple", "honey", "pumpkin", "teddy", "blanket", "button", "whistle", "marble", "wagon", "storybook", "candle", "clover", "bubble", "cookie"], "trn_ctx_columns": null, "report_title": "Model Report", "report_subtitle": " for data:tabular", "report_credits": ""}