[{"dog":69,"cat":"A639","rabbit":null,"deer":2.19,"panda":-2,"koala":"T0","otter":"B9DE","hedgehog":4.6,"squirrel":0,"dolphin":1,"penguin":20,"turtle":6.3,"elephant":27,"giraffe":"y","lamb":0,"goat":"027A","cow":0.51,"horse":17,"donkey":"X3","pony":"M","llama":"027A","mouse":85,"hamster":"D2","guinea":113,"duck":"BB39","chicken":10.2,"sparrow":0,"parrot":35,"finch":1,"canary":0,"bee":11.5,"butterfly":"AFB3","ladybug":70,"snail":1.363,"frog":86,"cricket":0,"tamarin":"Y6","wallaby":"5A6C","wombat":99,"zebra":0,"flamingo":0.12,"peacock":0,"bat":0,"fox":5,"beaver":1,"monkey":"Z3","seal":5.2,"robin":0,"loon":2.98,"swan":3,"goldfish":56,"minnow":1,"mole":0,"shrew":-9.86058932,"puffin":0,"owl":0,"bunny":3,"bear":1.9,"chipmunk":"027A","cub":7.17,"acorn":4,"leaf":"B9DE","cloud":9.0,"rainbow":2.2,"puddle":2,"berry":350,"apple":-12,"honey":5,"pumpkin":-67,"teddy":"E7E0","blanket":"A0","button":-12,"whistle":3,"marble":0,"wagon":-0.89,"storybook":-62,"candle":"B4","clover":0.55,"bubble":0,"cookie":"C9"},{"dog":28,"cat":"F068","rabbit":null,"deer":2.24,"panda":-1,"koala":"T1","otter":"027A","hedgehog":30.2,"squirrel":0,"dolphin":1,"penguin":20,"turtle":0.0,"elephant":11,"giraffe":"y","lamb":5,"goat":"027A","cow":0.44,"horse":9,"donkey":"X5","pony":"M","llama":"B9DE","mouse":54,"hamster":"D2","guinea":88,"duck":"5A6C","chicken":5.7,"sparrow":0,"parrot":42,"finch":0,"canary":0,"bee":11.4,"butterfly":"633B","ladybug":35,"snail":1.431,"frog":105,"cricket":1,"tamarin":"Y3","wallaby":"0D45","wombat":27,"zebra":0,"flamingo":0.08,"peacock":0,"bat":0,"fox":5,"beaver":1,"monkey":"Z2","seal":7.2,"robin":0,"loon":2.34,"swan":3,"goldfish":44,"minnow":0,"mole":0,"shrew":-10.0,"puffin":0,"owl":0,"bunny":3,"bear":1.9,"chipmunk":"5A6C","cub":7.25,"acorn":47,"leaf":"C09E","cloud":null,"rainbow":2.3,"puddle":2,"berry":104,"apple":2,"honey":5,"pumpkin":-69,"teddy":"63D1","blanket":"A4","button":-17,"whistle":4,"marble":0,"wagon":-0.86,"storybook":-80,"candle":"B2","clover":0.11,"bubble":1,"cookie":"C7"},{"dog":49,"cat":"BB39","rabbit":null,"deer":1.85,"panda":0,"koala":"T1","otter":"027A","hedgehog":58.0,"squirrel":0,"dolphin":1,"penguin":20,"turtle":0.0,"elephant":5,"giraffe":"y","lamb":5,"goat":"027A","cow":null,"horse":1,"donkey":"X6","pony":"M","llama":"B9DE","mouse":5,"hamster":"D5","guinea":235,"duck":"027A","chicken":4.1,"sparrow":0,"parrot":3,"finch":0,"canary":0,"bee":11.6,"butterfly":"83C1","ladybug":6,"snail":1.539,"frog":225,"cricket":0,"tamarin":"Y0","wallaby":"0D45","wombat":58,"zebra":1,"flamingo":0.11,"peacock":0,"bat":0,"fox":5,"beaver":0,"monkey":"Z0","seal":14.2,"robin":0,"loon":null,"swan":3,"goldfish":153,"minnow":0,"mole":0,"shrew":-10.0,"puffin":0,"owl":0,"bunny":3,"bear":2.2,"chipmunk":"C09E","cub":7.61,"acorn":87,"leaf":"C09E","cloud":null,"rainbow":2.9,"puddle":2,"berry":83,"apple":1,"honey":5,"pumpkin":-73,"teddy":"291E","blanket":"A8","button":-18,"whistle":14,"marble":0,"wagon":-0.65,"storybook":-49,"candle":"B0","clover":0.16,"bubble":0,"cookie":"C12"},{"dog":39,"cat":"63D1","rabbit":21.0,"deer":2.88,"panda":0,"koala":"T0","otter":"027A","hedgehog":0.0,"squirrel":1,"dolphin":1,"penguin":20,"turtle":6.9,"elephant":29,"giraffe":"y","lamb":5,"goat":"027A","cow":0.58,"horse":26,"donkey":"X5","pony":"M","llama":"B9DE","mouse":218,"hamster":"D1","guinea":97,"duck":"C9CF","chicken":9.9,"sparrow":0,"parrot":21,"finch":0,"canary":0,"bee":11.7,"butterfly":"2A4C","ladybug":3,"snail":1.49,"frog":235,"cricket":1,"tamarin":"Y6","wallaby":"C09E","wombat":135,"zebra":1,"flamingo":0.14,"peacock":0,"bat":0,"fox":5,"beaver":1,"monkey":"Z3","seal":22.7,"robin":0,"loon":null,"swan":3,"goldfish":49,"minnow":0,"mole":0,"shrew":-7.0569289,"puffin":0,"owl":1,"bunny":3,"bear":2.2,"chipmunk":"B9DE","cub":6.79,"acorn":48,"leaf":"C09E","cloud":2.0,"rainbow":0.8,"puddle":2,"berry":286,"apple":-51,"honey":5,"pumpkin":-42,"teddy":"A5DB","blanket":"A4","button":10,"whistle":13,"marble":1,"wagon":-0.86,"storybook":-40,"candle":"B4","clover":0.41,"bubble":0,"cookie":"C16"},{"dog":72,"cat":"C9CF","rabbit":null,"deer":2.62,"panda":0,"koala":"T0","otter":"B9DE","hedgehog":41.0,"squirrel":1,"dolphin":1,"penguin":10,"turtle":0.0,"elephant":8,"giraffe":"y","lamb":0,"goat":"027A","cow":null,"horse":7,"donkey":"X3","pony":"M","llama":"027A","mouse":65,"hamster":"D8","guinea":87,"duck":"5A6C","chicken":5.1,"sparrow":120,"parrot":43,"finch":0,"canary":0,"bee":11.3,"butterfly":"5A6C","ladybug":21,"snail":1.479,"frog":110,"cricket":3,"tamarin":"Y2","wallaby":"C09E","wombat":21,"zebra":0,"flamingo":0.1,"peacock":0,"bat":0,"fox":5,"beaver":-1,"monkey":"Z1","seal":5.2,"robin":0,"loon":null,"swan":2,"goldfish":71,"minnow":0,"mole":1,"shrew":-10.0,"puffin":26,"owl":0,"bunny":4,"bear":2.3,"chipmunk":"5A6C","cub":6.86,"acorn":42,"leaf":"C09E","cloud":null,"rainbow":1.9,"puddle":2,"berry":63,"apple":0,"honey":4,"pumpkin":-20,"teddy":"B385","blanket":"A3","button":27,"whistle":5,"marble":0,"wagon":-0.91,"storybook":-34,"candle":"B1","clover":0.04,"bubble":0,"cookie":"C10"},{"dog":28,"cat":"B9DE","rabbit":null,"deer":2.28,"panda":0,"koala":"T1","otter":"027A","hedgehog":41.0,"squirrel":0,"dolphin":1,"penguin":20,"turtle":0.0,"elephant":8,"giraffe":"y","lamb":0,"goat":"027A","cow":null,"horse":5,"donkey":"X0","pony":"M","llama":"B9DE","mouse":11,"hamster":"D0","guinea":18,"duck":"5A6C","chicken":6.3,"sparrow":0,"parrot":40,"finch":0,"canary":0,"bee":10.6,"butterfly":"7202","ladybug":4,"snail":1.301,"frog":60,"cricket":0,"tamarin":"Y0","wallaby":"0D45","wombat":4,"zebra":0,"flamingo":0.11,"peacock":0,"bat":1,"fox":5,"beaver":1,"monkey":"Z0","seal":5.7,"robin":0,"loon":null,"swan":3,"goldfish":40,"minnow":1,"mole":0,"shrew":-10.0,"puffin":0,"owl":0,"bunny":3,"bear":2.0,"chipmunk":"C09E","cub":6.76,"acorn":8,"leaf":"B9DE","cloud":null,"rainbow":2.0,"puddle":2,"berry":103,"apple":0,"honey":5,"pumpkin":69,"teddy":"248B","blanket":"A3","button":-12,"whistle":14,"marble":0,"wagon":-0.85,"storybook":62,"candle":"B1","clover":0.47,"bubble":0,"cookie":"C5"},{"dog":50,"cat":"BB39","rabbit":null,"deer":2.49,"panda":0,"koala":"T1","otter":"027A","hedgehog":51.2,"squirrel":0,"dolphin":1,"penguin":20,"turtle":0.0,"elephant":5,"giraffe":"y","lamb":0,"goat":"B9DE","cow":null,"horse":3,"donkey":"X7","pony":"M","llama":"B9DE","mouse":3,"hamster":"D2","guinea":166,"duck":"C09E","chicken":6.2,"sparrow":0,"parrot":81,"finch":0,"canary":0,"bee":11.6,"butterfly":"D0A5","ladybug":44,"snail":1.623,"frog":237,"cricket":0,"tamarin":"Y0","wallaby":"5A6C","wombat":137,"zebra":1,"flamingo":0.12,"peacock":0,"bat":0,"fox":5,"beaver":1,"monkey":"Z0","seal":29.2,"robin":0,"loon":null,"swan":3,"goldfish":82,"minnow":1,"mole":0,"shrew":-10.0,"puffin":0,"owl":0,"bunny":3,"bear":2.1,"chipmunk":"5A6C","cub":7.64,"acorn":80,"leaf":"B9DE","cloud":null,"rainbow":2.8,"puddle":2,"berry":111,"apple":36,"honey":5,"pumpkin":-69,"teddy":"E05B","blanket":"A7","button":21,"whistle":9,"marble":0,"wagon":-0.68,"storybook":-56,"candle":"B0","clover":0.45,"bubble":0,"cookie":"C15"},{"dog":53,"cat":"A639","rabbit":19.0,"deer":2.18,"panda":0,"koala":"T2","otter":"B9DE","hedgehog":10.2,"squirrel":0,"dolphin":1,"penguin":20,"turtle":3.2,"elephant":26,"giraffe":"y","lamb":0,"goat":"B9DE","cow":null,"horse":26,"donkey":"X2","pony":"M","llama":"027A","mouse":218,"hamster":"D0","guinea":77,"duck":"BB39","chicken":8.9,"sparrow":0,"parrot":18,"finch":0,"canary":0,"bee":11.3,"butterfly":"633B","ladybug":2,"snail":1.238,"frog":72,"cricket":0,"tamarin":"Y6","wallaby":"C09E","wombat":100,"zebra":1,"flamingo":0.18,"peacock":0,"bat":0,"fox":5,"beaver":1,"monkey":"Z3","seal":11.2,"robin":0,"loon":null,"swan":3,"goldfish":39,"minnow":0,"mole":0,"shrew":-2.86445003,"puffin":0,"owl":1,"bunny":3,"bear":1.4,"chipmunk":"027A","cub":9.08,"acorn":28,"leaf":"C09E","cloud":3.0,"rainbow":1.2,"puddle":2,"berry":280,"apple":-51,"honey":5,"pumpkin":78,"teddy":"D009","blanket":"A2","button":-2,"whistle":-2,"marble":0,"wagon":-0.56,"storybook":82,"candle":"B4","clover":2.81,"bubble":0,"cookie":"C4"},{"dog":61,"cat":"A864","rabbit":53.0,"deer":2.54,"panda":-2,"koala":"T1","otter":"B9DE","hedgehog":18.4,"squirrel":1,"dolphin":1,"penguin":20,"turtle":4.9,"elephant":14,"giraffe":"y","lamb":0,"goat":"027A","cow":0.44,"horse":17,"donkey":"X4","pony":"M","llama":"027A","mouse":159,"hamster":"D11","guinea":177,"duck":"BB39","chicken":6.9,"sparrow":0,"parrot":96,"finch":0,"canary":0,"bee":11.4,"butterfly":"A864","ladybug":7,"snail":1.41,"frog":121,"cricket":1,"tamarin":"Y5","wallaby":"0D45","wombat":44,"zebra":0,"flamingo":0.11,"peacock":0,"bat":0,"fox":5,"beaver":-1,"monkey":"Z3","seal":5.7,"robin":0,"loon":3.0,"swan":3,"goldfish":86,"minnow":0,"mole":1,"shrew":-6.77524176,"puffin":0,"owl":0,"bunny":3,"bear":2.0,"chipmunk":"027A","cub":7.99,"acorn":47,"leaf":"C09E","cloud":-3.0,"rainbow":2.6,"puddle":2,"berry":176,"apple":-35,"honey":5,"pumpkin":-67,"teddy":"CDAE","blanket":"A4","button":10,"whistle":11,"marble":1,"wagon":-0.81,"storybook":-63,"candle":"B4","clover":0.74,"bubble":0,"cookie":"C8"},{"dog":32,"cat":"6C1C","rabbit":23.0,"deer":4.17,"panda":-5,"koala":"T3","otter":"B9DE","hedgehog":33.4,"squirrel":1,"dolphin":1,"penguin":20,"turtle":0.0,"elephant":10,"giraffe":"y","lamb":5,"goat":"027A","cow":1.22,"horse":14,"donkey":"X5","pony":"M","llama":"027A","mouse":90,"hamster":"D10","guinea":179,"duck":"B9DE","chicken":5.5,"sparrow":0,"parrot":41,"finch":0,"canary":0,"bee":11.6,"butterfly":"ACAB","ladybug":6,"snail":1.616,"frog":134,"cricket":1,"tamarin":"Y5","wallaby":"0D45","wombat":54,"zebra":0,"flamingo":0.11,"peacock":0,"bat":0,"fox":5,"beaver":-1,"monkey":"Z3","seal":7.2,"robin":0,"loon":2.16,"swan":3,"goldfish":88,"minnow":0,"mole":0,"shrew":-7.76210118,"puffin":0,"owl":0,"bunny":3,"bear":1.9,"chipmunk":"C09E","cub":8.41,"acorn":43,"leaf":"C09E","cloud":null,"rainbow":2.2,"puddle":2,"berry":186,"apple":-13,"honey":5,"pumpkin":36,"teddy":"B17E","blanket":"A3","button":-11,"whistle":9,"marble":0,"wagon":-0.69,"storybook":-75,"candle":"B3","clover":1.99,"bubble":1,"cookie":"C15"},{"dog":27,"cat":"19CE","rabbit":null,"deer":2.06,"panda":-1,"koala":"T0","otter":"027A","hedgehog":30.2,"squirrel":0,"dolphin":1,"penguin":20,"turtle":0.0,"elephant":8,"giraffe":"y","lamb":5,"goat":"B9DE","cow":null,"horse":10,"donkey":"X5","pony":"M","llama":"B9DE","mouse":35,"hamster":"D3","guinea":26,"duck":"5A6C","chicken":4.9,"sparrow":0,"parrot":17,"finch":0,"canary":0,"bee":11.5,"butterfly":"9AB6","ladybug":29,"snail":1.469,"frog":157,"cricket":1,"tamarin":"Y4","wallaby":"C09E","wombat":47,"zebra":1,"flamingo":0.11,"peacock":0,"bat":0,"fox":5,"beaver":1,"monkey":"Z2","seal":10.2,"robin":0,"loon":3.01,"swan":3,"goldfish":13,"minnow":0,"mole":0,"shrew":-10.0,"puffin":0,"owl":0,"bunny":3,"bear":2.3,"chipmunk":"B9DE","cub":6.44,"acorn":28,"leaf":"C09E","cloud":null,"rainbow":2.9,"puddle":2,"berry":185,"apple":-6,"honey":5,"pumpkin":-26,"teddy":"EB3D","blanket":"A2","button":20,"whistle":4,"marble":0,"wagon":-0.86,"storybook":-28,"candle":"B2","clover":0.19,"bubble":0,"cookie":"C13"},{"dog":28,"cat":"A2FB","rabbit":null,"deer":4.09,"panda":0,"koala":"T3","otter":"027A","hedgehog":33.0,"squirrel":0,"dolphin":1,"penguin":20,"turtle":0.0,"elephant":14,"giraffe":"y","lamb":0,"goat":"027A","cow":null,"horse":14,"donkey":"X5","pony":"M","llama":"B9DE","mouse":91,"hamster":"D1","guinea":86,"duck":"C09E","chicken":6.6,"sparrow":0,"parrot":41,"finch":0,"canary":0,"bee":11.5,"butterfly":"E7E0","ladybug":13,"snail":1.443,"frog":90,"cricket":0,"tamarin":"Y4","wallaby":"0D45","wombat":43,"zebra":0,"flamingo":0.11,"peacock":0,"bat":0,"fox":5,"beaver":1,"monkey":"Z2","seal":5.7,"robin":0,"loon":null,"swan":3,"goldfish":43,"minnow":0,"mole":1,"shrew":-10.0,"puffin":0,"owl":0,"bunny":3,"bear":2.2,"chipmunk":"5A6C","cub":7.42,"acorn":40,"leaf":"C09E","cloud":null,"rainbow":2.3,"puddle":2,"berry":138,"apple":-12,"honey":5,"pumpkin":-69,"teddy":"1E3A","blanket":"A3","button":-34,"whistle":7,"marble":0,"wagon":-0.84,"storybook":57,"candle":"B3","clover":0.13,"bubble":0,"cookie":"C10"},{"dog":72,"cat":"19CE","rabbit":null,"deer":1.37,"panda":-2,"koala":"T0","otter":"B9DE","hedgehog":42.6,"squirrel":1,"dolphin":1,"penguin":10,"turtle":0.0,"elephant":6,"giraffe":"y","lamb":5,"goat":"B9DE","cow":0.62,"horse":8,"donkey":"X2","pony":"M","llama":"027A","mouse":78,"hamster":"D2","guinea":79,"duck":"5A6C","chicken":6.5,"sparrow":120,"parrot":48,"finch":0,"canary":0,"bee":11.3,"butterfly":"5EB2","ladybug":19,"snail":1.354,"frog":85,"cricket":0,"tamarin":"Y2","wallaby":"5A6C","wombat":19,"zebra":0,"flamingo":0.11,"peacock":0,"bat":0,"fox":5,"beaver":1,"monkey":"Z1","seal":5.7,"robin":0,"loon":2.18,"swan":2,"goldfish":49,"minnow":1,"mole":1,"shrew":-10.0,"puffin":91,"owl":0,"bunny":4,"bear":1.9,"chipmunk":"027A","cub":7.84,"acorn":38,"leaf":"B9DE","cloud":null,"rainbow":2.0,"puddle":2,"berry":231,"apple":-8,"honey":4,"pumpkin":-69,"teddy":"A864","blanket":"A4","button":-20,"whistle":6,"marble":0,"wagon":-1.04,"storybook":-70,"candle":"B3","clover":0.15,"bubble":0,"cookie":"C7"},{"dog":89,"cat":"A864","rabbit":null,"deer":4.31,"panda":0,"koala":"T1","otter":"B9DE","hedgehog":41.0,"squirrel":1,"dolphin":1,"penguin":20,"turtle":0.0,"elephant":21,"giraffe":"y","lamb":0,"goat":"027A","cow":null,"horse":23,"donkey":"X6","pony":"M","llama":"027A","mouse":191,"hamster":"D11","guinea":144,"duck":"66DA","chicken":8.1,"sparrow":0,"parrot":73,"finch":0,"canary":0,"bee":11.5,"butterfly":"BB39","ladybug":15,"snail":1.651,"frog":170,"cricket":1,"tamarin":"Y4","wallaby":"0D45","wombat":33,"zebra":0,"flamingo":0.09,"peacock":0,"bat":0,"fox":5,"beaver":-1,"monkey":"Z2","seal":5.7,"robin":0,"loon":null,"swan":3,"goldfish":77,"minnow":0,"mole":1,"shrew":-10.0,"puffin":0,"owl":0,"bunny":3,"bear":2.2,"chipmunk":"C09E","cub":6.99,"acorn":66,"leaf":"C09E","cloud":null,"rainbow":2.4,"puddle":2,"berry":186,"apple":0,"honey":5,"pumpkin":-81,"teddy":"457A","blanket":"A8","button":1,"whistle":3,"marble":0,"wagon":-0.85,"storybook":48,"candle":"B4","clover":0.22,"bubble":0,"cookie":"C14"},{"dog":72,"cat":"D668","rabbit":null,"deer":4.2,"panda":-4,"koala":"T3","otter":"B9DE","hedgehog":41.0,"squirrel":1,"dolphin":1,"penguin":10,"turtle":0.0,"elephant":3,"giraffe":"y","lamb":0,"goat":"027A","cow":0.57,"horse":8,"donkey":"X1","pony":"M","llama":"027A","mouse":71,"hamster":"D10","guinea":58,"duck":"5A6C","chicken":8.0,"sparrow":120,"parrot":49,"finch":0,"canary":0,"bee":11.1,"butterfly":"D704","ladybug":14,"snail":1.383,"frog":73,"cricket":3,"tamarin":"Y1","wallaby":"027A","wombat":14,"zebra":0,"flamingo":0.12,"peacock":0,"bat":0,"fox":5,"beaver":-1,"monkey":"Z0","seal":8.7,"robin":0,"loon":2.79,"swan":2,"goldfish":29,"minnow":0,"mole":0,"shrew":-10.0,"puffin":106,"owl":0,"bunny":4,"bear":2.0,"chipmunk":"027A","cub":7.25,"acorn":28,"leaf":"C09E","cloud":null,"rainbow":1.9,"puddle":2,"berry":195,"apple":0,"honey":4,"pumpkin":69,"teddy":"39ED","blanket":"A4","button":26,"whistle":9,"marble":0,"wagon":-1.06,"storybook":-60,"candle":"B3","clover":0.11,"bubble":1,"cookie":"C7"},{"dog":72,"cat":"19CE","rabbit":null,"deer":3.14,"panda":-1,"koala":"T1","otter":"027A","hedgehog":23.8,"squirrel":0,"dolphin":1,"penguin":20,"turtle":0.0,"elephant":10,"giraffe":"y","lamb":5,"goat":"B9DE","cow":null,"horse":10,"donkey":"X5","pony":"M","llama":"B9DE","mouse":90,"hamster":"D3","guinea":125,"duck":"C09E","chicken":5.6,"sparrow":0,"parrot":47,"finch":0,"canary":0,"bee":11.6,"butterfly":"30AE","ladybug":33,"snail":1.485,"frog":155,"cricket":0,"tamarin":"Y4","wallaby":"5A6C","wombat":31,"zebra":1,"flamingo":0.11,"peacock":0,"bat":0,"fox":5,"beaver":1,"monkey":"Z2","seal":20.7,"robin":0,"loon":null,"swan":3,"goldfish":62,"minnow":1,"mole":0,"shrew":-10.0,"puffin":0,"owl":0,"bunny":3,"bear":2.2,"chipmunk":"B9DE","cub":6.88,"acorn":62,"leaf":"B9DE","cloud":null,"rainbow":2.3,"puddle":2,"berry":95,"apple":-6,"honey":5,"pumpkin":-69,"teddy":"0128","blanket":"A5","button":-21,"whistle":3,"marble":0,"wagon":-0.85,"storybook":-33,"candle":"B2","clover":0.15,"bubble":0,"cookie":"C12"},{"dog":50,"cat":"BB39","rabbit":null,"deer":3.87,"panda":-2,"koala":"T2","otter":"027A","hedgehog":31.4,"squirrel":0,"dolphin":1,"penguin":20,"turtle":0.0,"elephant":13,"giraffe":"y","lamb":5,"goat":"B9DE","cow":0.52,"horse":13,"donkey":"X5","pony":"M","llama":"B9DE","mouse":22,"hamster":"D6","guinea":65,"duck":"6C1C","chicken":6.3,"sparrow":120,"parrot":20,"finch":0,"canary":0,"bee":11.3,"butterfly":"BF7F","ladybug":21,"snail":1.444,"frog":166,"cricket":1,"tamarin":"Y5","wallaby":"19CE","wombat":39,"zebra":0,"flamingo":0.11,"peacock":0,"bat":0,"fox":5,"beaver":0,"monkey":"Z3","seal":14.7,"robin":0,"loon":2.98,"swan":3,"goldfish":82,"minnow":0,"mole":0,"shrew":-10.0,"puffin":17,"owl":0,"bunny":2,"bear":1.6,"chipmunk":"027A","cub":7.88,"acorn":80,"leaf":"C09E","cloud":null,"rainbow":3.8,"puddle":2,"berry":122,"apple":1,"honey":4,"pumpkin":0,"teddy":"39ED","blanket":"A7","button":-2,"whistle":0,"marble":0,"wagon":-0.52,"storybook":79,"candle":"B3","clover":2.03,"bubble":1,"cookie":"C5"},{"dog":18,"cat":"19CE","rabbit":null,"deer":4.5,"panda":-4,"koala":"T3","otter":"B9DE","hedgehog":41.4,"squirrel":1,"dolphin":1,"penguin":20,"turtle":0.0,"elephant":6,"giraffe":"y","lamb":0,"goat":"B9DE","cow":null,"horse":6,"donkey":"X5","pony":"M","llama":"027A","mouse":4,"hamster":"D11","guinea":137,"duck":"66DA","chicken":4.9,"sparrow":0,"parrot":47,"finch":0,"canary":0,"bee":11.5,"butterfly":"248B","ladybug":7,"snail":1.465,"frog":95,"cricket":2,"tamarin":"Y2","wallaby":"027A","wombat":29,"zebra":0,"flamingo":0.12,"peacock":0,"bat":0,"fox":5,"beaver":-1,"monkey":"Z0","seal":5.2,"robin":0,"loon":null,"swan":3,"goldfish":66,"minnow":0,"mole":1,"shrew":-10.0,"puffin":0,"owl":0,"bunny":3,"bear":2.1,"chipmunk":"5A6C","cub":7.94,"acorn":58,"leaf":"C09E","cloud":null,"rainbow":2.6,"puddle":2,"berry":111,"apple":14,"honey":5,"pumpkin":93,"teddy":"A4AE","blanket":"A6","button":22,"whistle":1,"marble":0,"wagon":-0.68,"storybook":-57,"candle":"B0","clover":0.38,"bubble":0,"cookie":"C10"},{"dog":59,"cat":"A10E","rabbit":null,"deer":3.24,"panda":0,"koala":"T0","otter":"027A","hedgehog":46.2,"squirrel":1,"dolphin":1,"penguin":20,"turtle":0.0,"elephant":12,"giraffe":"y","lamb":0,"goat":"027A","cow":null,"horse":15,"donkey":"X8","pony":"M","llama":"B9DE","mouse":113,"hamster":"D0","guinea":269,"duck":"B9DE","chicken":6.1,"sparrow":0,"parrot":84,"finch":0,"canary":0,"bee":11.7,"butterfly":"248B","ladybug":70,"snail":1.66,"frog":163,"cricket":1,"tamarin":"Y6","wallaby":"5A6C","wombat":125,"zebra":1,"flamingo":0.11,"peacock":0,"bat":0,"fox":5,"beaver":1,"monkey":"Z3","seal":11.7,"robin":0,"loon":2.98,"swan":3,"goldfish":132,"minnow":0,"mole":0,"shrew":-10.0,"puffin":0,"owl":0,"bunny":3,"bear":2.2,"chipmunk":"B9DE","cub":6.38,"acorn":84,"leaf":"C09E","cloud":null,"rainbow":2.8,"puddle":2,"berry":136,"apple":6,"honey":5,"pumpkin":-65,"teddy":"9839","blanket":"A7","button":-8,"whistle":8,"marble":0,"wagon":-0.83,"storybook":39,"candle":"B3","clover":0.21,"bubble":0,"cookie":"C18"},{"dog":53,"cat":"C09E","rabbit":null,"deer":2.51,"panda":-1,"koala":"T3","otter":"027A","hedgehog":56.6,"squirrel":0,"dolphin":1,"penguin":20,"turtle":0.0,"elephant":9,"giraffe":"y","lamb":5,"goat":"B9DE","cow":1.2,"horse":4,"donkey":"X8","pony":"M","llama":"B9DE","mouse":41,"hamster":"D1","guinea":185,"duck":"19CE","chicken":5.2,"sparrow":0,"parrot":1,"finch":0,"canary":0,"bee":11.9,"butterfly":"DC98","ladybug":3,"snail":1.76,"frog":264,"cricket":1,"tamarin":"Y1","wallaby":"0D45","wombat":71,"zebra":1,"flamingo":0.08,"peacock":1,"bat":0,"fox":5,"beaver":1,"monkey":"Z1","seal":9.7,"robin":0,"loon":null,"swan":3,"goldfish":92,"minnow":1,"mole":0,"shrew":-10.0,"puffin":0,"owl":0,"bunny":3,"bear":1.7,"chipmunk":"027A","cub":8.1,"acorn":95,"leaf":"B9DE","cloud":null,"rainbow":2.3,"puddle":2,"berry":96,"apple":-14,"honey":5,"pumpkin":-75,"teddy":"83C1","blanket":"A8","button":-8,"whistle":12,"marble":0,"wagon":-0.71,"storybook":-78,"candle":"B1","clover":1.48,"bubble":0,"cookie":"C19"}]