{
    "columns": {
        "dog": {
            "encoding_type": "TABULAR_NUMERIC_DISCRETE",
            "cardinalities": {
                "cat": 82
            },
            "codes": {
                "_RARE_": 0,
                "10": 1,
                "11": 2,
                "12": 3,
                "13": 4,
                "14": 5,
                "15": 6,
                "16": 7,
                "17": 8,
                "18": 9,
                "19": 10,
                "20": 11,
                "21": 12,
                "22": 13,
                "23": 14,
                "24": 15,
                "25": 16,
                "26": 17,
                "27": 18,
                "28": 19,
                "29": 20,
                "30": 21,
                "31": 22,
                "32": 23,
                "33": 24,
                "34": 25,
                "35": 26,
                "36": 27,
                "37": 28,
                "38": 29,
                "39": 30,
                "40": 31,
                "41": 32,
                "42": 33,
                "43": 34,
                "44": 35,
                "45": 36,
                "46": 37,
                "47": 38,
                "48": 39,
                "49": 40,
                "50": 41,
                "51": 42,
                "52": 43,
                "53": 44,
                "54": 45,
                "55": 46,
                "56": 47,
                "57": 48,
                "58": 49,
                "59": 50,
                "60": 51,
                "61": 52,
                "62": 53,
                "63": 54,
                "64": 55,
                "65": 56,
                "66": 57,
                "67": 58,
                "68": 59,
                "69": 60,
                "70": 61,
                "71": 62,
                "72": 63,
                "73": 64,
                "74": 65,
                "75": 66,
                "76": 67,
                "77": 68,
                "78": 69,
                "79": 70,
                "80": 71,
                "81": 72,
                "82": 73,
                "83": 74,
                "84": 75,
                "85": 76,
                "86": 77,
                "87": 78,
                "88": 79,
                "89": 80,
                "90": 81
            },
            "min_decimal": 0,
            "argn_processor": "tgt",
            "argn_table": "t0",
            "argn_column": "c0"
        },
        "cat": {
            "value_protection": true,
            "encoding_type": "TABULAR_CATEGORICAL",
            "no_of_rare_categories": 0,
            "codes": {
                "_RARE_": 0,
                "027A": 1,
                "0D45": 2,
                "1520": 3,
                "18FD": 4,
                "19CE": 5,
                "248B": 6,
                "25CD": 7,
                "39ED": 8,
                "457A": 9,
                "580C": 10,
                "5A6C": 11,
                "63D1": 12,
                "66DA": 13,
                "6C1C": 14,
                "7202": 15,
                "A10E": 16,
                "A2FB": 17,
                "A5DB": 18,
                "A639": 19,
                "A864": 20,
                "ACAB": 21,
                "B9DE": 22,
                "BB39": 23,
                "C09E": 24,
                "C2D8": 25,
                "C9CF": 26,
                "D668": 27,
                "E304": 28,
                "F068": 29
            },
            "cardinalities": {
                "cat": 30
            },
            "argn_processor": "tgt",
            "argn_table": "t1",
            "argn_column": "c1"
        },
        "rabbit": {
            "encoding_type": "TABULAR_NUMERIC_DIGIT",
            "cardinalities": {
                "nan": 2,
                "E2": 2,
                "E1": 10,
                "E0": 10
            },
            "has_nan": true,
            "has_neg": false,
            "min_digits": {
                "E18": 0,
                "E17": 0,
                "E16": 0,
                "E15": 0,
                "E14": 0,
                "E13": 0,
                "E12": 0,
                "E11": 0,
                "E10": 0,
                "E9": 0,
                "E8": 0,
                "E7": 0,
                "E6": 0,
                "E5": 0,
                "E4": 0,
                "E3": 0,
                "E2": 0,
                "E1": 0,
                "E0": 0,
                "E-1": 0,
                "E-2": 0,
                "E-3": 0,
                "E-4": 0,
                "E-5": 0,
                "E-6": 0,
                "E-7": 0,
                "E-8": 0
            },
            "max_digits": {
                "E18": 0,
                "E17": 0,
                "E16": 0,
                "E15": 0,
                "E14": 0,
                "E13": 0,
                "E12": 0,
                "E11": 0,
                "E10": 0,
                "E9": 0,
                "E8": 0,
                "E7": 0,
                "E6": 0,
                "E5": 0,
                "E4": 0,
                "E3": 0,
                "E2": 1,
                "E1": 9,
                "E0": 9,
                "E-1": 0,
                "E-2": 0,
                "E-3": 0,
                "E-4": 0,
                "E-5": 0,
                "E-6": 0,
                "E-7": 0,
                "E-8": 0
            },
            "max_decimal": 2,
            "min_decimal": 0,
            "min": 1.0,
            "max": 100.0,
            "argn_processor": "tgt",
            "argn_table": "t2",
            "argn_column": "c2"
        },
        "deer": {
            "encoding_type": "TABULAR_NUMERIC_DIGIT",
            "cardinalities": {
                "E0": 4,
                "E-1": 10,
                "E-2": 10
            },
            "has_nan": false,
            "has_neg": false,
            "min_digits": {
                "E18": 0,
                "E17": 0,
                "E16": 0,
                "E15": 0,
                "E14": 0,
                "E13": 0,
                "E12": 0,
                "E11": 0,
                "E10": 0,
                "E9": 0,
                "E8": 0,
                "E7": 0,
                "E6": 0,
                "E5": 0,
                "E4": 0,
                "E3": 0,
                "E2": 0,
                "E1": 0,
                "E0": 1,
                "E-1": 0,
                "E-2": 0,
                "E-3": 0,
                "E-4": 0,
                "E-5": 0,
                "E-6": 0,
                "E-7": 0,
                "E-8": 0
            },
            "max_digits": {
                "E18": 0,
                "E17": 0,
                "E16": 0,
                "E15": 0,
                "E14": 0,
                "E13": 0,
                "E12": 0,
                "E11": 0,
                "E10": 0,
                "E9": 0,
                "E8": 0,
                "E7": 0,
                "E6": 0,
                "E5": 0,
                "E4": 0,
                "E3": 0,
                "E2": 0,
                "E1": 0,
                "E0": 4,
                "E-1": 9,
                "E-2": 9,
                "E-3": 0,
                "E-4": 0,
                "E-5": 0,
                "E-6": 0,
                "E-7": 0,
                "E-8": 0
            },
            "max_decimal": 0,
            "min_decimal": -2,
            "min": 1.37,
            "max": 4.68,
            "argn_processor": "tgt",
            "argn_table": "t3",
            "argn_column": "c3"
        },
        "panda": {
            "encoding_type": "TABULAR_NUMERIC_DISCRETE",
            "cardinalities": {
                "cat": 8
            },
            "codes": {
                "_RARE_": 0,
                "-6": 1,
                "-5": 2,
                "-4": 3,
                "-3": 4,
                "-2": 5,
                "-1": 6,
                "0": 7
            },
            "min_decimal": 0,
            "argn_processor": "tgt",
            "argn_table": "t4",
            "argn_column": "c4"
        },
        "koala": {
            "value_protection": true,
            "encoding_type": "TABULAR_CATEGORICAL",
            "no_of_rare_categories": 0,
            "codes": {
                "_RARE_": 0,
                "T0": 1,
                "T1": 2,
                "T2": 3,
                "T3": 4
            },
            "cardinalities": {
                "cat": 5
            },
            "argn_processor": "tgt",
            "argn_table": "t5",
            "argn_column": "c5"
        },
        "otter": {
            "value_protection": true,
            "encoding_type": "TABULAR_CATEGORICAL",
            "no_of_rare_categories": 0,
            "codes": {
                "_RARE_": 0,
                "027A": 1,
                "B9DE": 2,
                "C09E": 3
            },
            "cardinalities": {
                "cat": 4
            },
            "argn_processor": "tgt",
            "argn_table": "t6",
            "argn_column": "c6"
        },
        "hedgehog": {
            "encoding_type": "TABULAR_NUMERIC_DIGIT",
            "cardinalities": {
                "E1": 8,
                "E0": 10,
                "E-1": 10
            },
            "has_nan": false,
            "has_neg": false,
            "min_digits": {
                "E18": 0,
                "E17": 0,
                "E16": 0,
                "E15": 0,
                "E14": 0,
                "E13": 0,
                "E12": 0,
                "E11": 0,
                "E10": 0,
                "E9": 0,
                "E8": 0,
                "E7": 0,
                "E6": 0,
                "E5": 0,
                "E4": 0,
                "E3": 0,
                "E2": 0,
                "E1": 0,
                "E0": 0,
                "E-1": 0,
                "E-2": 0,
                "E-3": 0,
                "E-4": 0,
                "E-5": 0,
                "E-6": 0,
                "E-7": 0,
                "E-8": 0
            },
            "max_digits": {
                "E18": 0,
                "E17": 0,
                "E16": 0,
                "E15": 0,
                "E14": 0,
                "E13": 0,
                "E12": 0,
                "E11": 0,
                "E10": 0,
                "E9": 0,
                "E8": 0,
                "E7": 0,
                "E6": 0,
                "E5": 0,
                "E4": 0,
                "E3": 0,
                "E2": 0,
                "E1": 7,
                "E0": 9,
                "E-1": 9,
                "E-2": 0,
                "E-3": 0,
                "E-4": 0,
                "E-5": 0,
                "E-6": 0,
                "E-7": 0,
                "E-8": 0
            },
            "max_decimal": 1,
            "min_decimal": -1,
            "min": 0.0,
            "max": 75.0,
            "argn_processor": "tgt",
            "argn_table": "t7",
            "argn_column": "c7"
        },
        "squirrel": {
            "encoding_type": "TABULAR_NUMERIC_DISCRETE",
            "cardinalities": {
                "cat": 3
            },
            "codes": {
                "_RARE_": 0,
                "0": 1,
                "1": 2
            },
            "min_decimal": 0,
            "argn_processor": "tgt",
            "argn_table": "t8",
            "argn_column": "c8"
        },
        "dolphin": {
            "encoding_type": "TABULAR_NUMERIC_DISCRETE",
            "cardinalities": {
                "cat": 3
            },
            "codes": {
                "_RARE_": 0,
                "0": 1,
                "1": 2
            },
            "min_decimal": 0,
            "argn_processor": "tgt",
            "argn_table": "t9",
            "argn_column": "c9"
        },
        "penguin": {
            "encoding_type": "TABULAR_NUMERIC_DISCRETE",
            "cardinalities": {
                "cat": 3
            },
            "codes": {
                "_RARE_": 0,
                "10": 1,
                "20": 2
            },
            "min_decimal": 1,
            "argn_processor": "tgt",
            "argn_table": "t10",
            "argn_column": "c10"
        },
        "turtle": {
            "encoding_type": "TABULAR_NUMERIC_DISCRETE",
            "cardinalities": {
                "cat": 63
            },
            "codes": {
                "_RARE_": 0,
                "0.0": 1,
                "1.9": 2,
                "2.0": 3,
                "2.1": 4,
                "2.2": 5,
                "2.3": 6,
                "2.4": 7,
                "2.5": 8,
                "2.6": 9,
                "2.7": 10,
                "2.8": 11,
                "2.9": 12,
                "3.0": 13,
                "3.1": 14,
                "3.2": 15,
                "3.3": 16,
                "3.4": 17,
                "3.5": 18,
                "3.6": 19,
                "3.7": 20,
                "3.8": 21,
                "3.9": 22,
                "4.0": 23,
                "4.1": 24,
                "4.2": 25,
                "4.3": 26,
                "4.4": 27,
                "4.5": 28,
                "4.6": 29,
                "4.7": 30,
                "4.8": 31,
                "4.9": 32,
                "5.0": 33,
                "5.1": 34,
                "5.2": 35,
                "5.3": 36,
                "5.4": 37,
                "5.5": 38,
                "5.6": 39,
                "5.7": 40,
                "5.8": 41,
                "5.9": 42,
                "6.0": 43,
                "6.1": 44,
                "6.2": 45,
                "6.3": 46,
                "6.4": 47,
                "6.5": 48,
                "6.6": 49,
                "6.7": 50,
                "6.8": 51,
                "6.9": 52,
                "7.0": 53,
                "7.1": 54,
                "7.2": 55,
                "7.3": 56,
                "7.4": 57,
                "7.5": 58,
                "7.6": 59,
                "7.7": 60,
                "7.8": 61,
                "7.9": 62
            },
            "min_decimal": -1,
            "argn_processor": "tgt",
            "argn_table": "t11",
            "argn_column": "c11"
        },
        "elephant": {
            "encoding_type": "TABULAR_NUMERIC_DISCRETE",
            "cardinalities": {
                "cat": 30
            },
            "codes": {
                "_RARE_": 0,
                "1": 1,
                "2": 2,
                "3": 3,
                "4": 4,
                "5": 5,
                "6": 6,
                "7": 7,
                "8": 8,
                "9": 9,
                "10": 10,
                "11": 11,
                "12": 12,
                "13": 13,
                "14": 14,
                "15": 15,
                "16": 16,
                "17": 17,
                "18": 18,
                "19": 19,
                "20": 20,
                "21": 21,
                "22": 22,
                "23": 23,
                "24": 24,
                "25": 25,
                "26": 26,
                "27": 27,
                "28": 28,
                "29": 29
            },
            "min_decimal": 0,
            "argn_processor": "tgt",
            "argn_table": "t12",
            "argn_column": "c12"
        },
        "giraffe": {
            "value_protection": true,
            "encoding_type": "TABULAR_CATEGORICAL",
            "no_of_rare_categories": 0,
            "codes": {
                "_RARE_": 0,
                "n": 1,
                "y": 2
            },
            "cardinalities": {
                "cat": 3
            },
            "argn_processor": "tgt",
            "argn_table": "t13",
            "argn_column": "c13"
        },
        "lamb": {
            "encoding_type": "TABULAR_NUMERIC_DISCRETE",
            "cardinalities": {
                "cat": 3
            },
            "codes": {
                "_RARE_": 0,
                "0": 1,
                "5": 2
            },
            "min_decimal": 0,
            "argn_processor": "tgt",
            "argn_table": "t14",
            "argn_column": "c14"
        },
        "goat": {
            "value_protection": true,
            "encoding_type": "TABULAR_CATEGORICAL",
            "no_of_rare_categories": 0,
            "codes": {
                "_RARE_": 0,
                "027A": 1,
                "B9DE": 2
            },
            "cardinalities": {
                "cat": 3
            },
            "argn_processor": "tgt",
            "argn_table": "t15",
            "argn_column": "c15"
        },
        "cow": {
            "encoding_type": "TABULAR_NUMERIC_DISCRETE",
            "cardinalities": {
                "cat": 85
            },
            "codes": {
                "_RARE_": 0,
                "<<NULL>>": 1,
                "0.43": 2,
                "0.44": 3,
                "0.45": 4,
                "0.46": 5,
                "0.47": 6,
                "0.48": 7,
                "0.49": 8,
                "0.5": 9,
                "0.51": 10,
                "0.52": 11,
                "0.53": 12,
                "0.54": 13,
                "0.55": 14,
                "0.56": 15,
                "0.57": 16,
                "0.58": 17,
                "0.59": 18,
                "0.6": 19,
                "0.61": 20,
                "0.62": 21,
                "0.63": 22,
                "0.64": 23,
                "0.65": 24,
                "0.66": 25,
                "0.67": 26,
                "0.68": 27,
                "0.69": 28,
                "0.7": 29,
                "0.71": 30,
                "0.72": 31,
                "0.73": 32,
                "0.74": 33,
                "0.75": 34,
                "0.76": 35,
                "0.77": 36,
                "0.78": 37,
                "0.79": 38,
                "0.8": 39,
                "0.81": 40,
                "0.82": 41,
                "0.83": 42,
                "0.84": 43,
                "0.85": 44,
                "0.86": 45,
                "0.87": 46,
                "0.88": 47,
                "0.89": 48,
                "0.9": 49,
                "0.91": 50,
                "0.92": 51,
                "0.93": 52,
                "0.94": 53,
                "0.95": 54,
                "0.96": 55,
                "0.97": 56,
                "0.98": 57,
                "0.99": 58,
                "1.0": 59,
                "1.01": 60,
                "1.02": 61,
                "1.03": 62,
                "1.04": 63,
                "1.05": 64,
                "1.06": 65,
                "1.07": 66,
                "1.08": 67,
                "1.09": 68,
                "1.1": 69,
                "1.11": 70,
                "1.12": 71,
                "1.13": 72,
                "1.14": 73,
                "1.15": 74,
                "1.16": 75,
                "1.17": 76,
                "1.18": 77,
                "1.19": 78,
                "1.2": 79,
                "1.21": 80,
                "1.22": 81,
                "1.23": 82,
                "1.24": 83,
                "1.25": 84
            },
            "min_decimal": -2,
            "argn_processor": "tgt",
            "argn_table": "t16",
            "argn_column": "c16"
        },
        "horse": {
            "encoding_type": "TABULAR_NUMERIC_DISCRETE",
            "cardinalities": {
                "cat": 29
            },
            "codes": {
                "_RARE_": 0,
                "1": 1,
                "2": 2,
                "3": 3,
                "4": 4,
                "5": 5,
                "6": 6,
                "7": 7,
                "8": 8,
                "9": 9,
                "10": 10,
                "11": 11,
                "12": 12,
                "13": 13,
                "14": 14,
                "15": 15,
                "16": 16,
                "17": 17,
                "18": 18,
                "19": 19,
                "20": 20,
                "21": 21,
                "22": 22,
                "23": 23,
                "24": 24,
                "25": 25,
                "26": 26,
                "27": 27,
                "28": 28
            },
            "min_decimal": 0,
            "argn_processor": "tgt",
            "argn_table": "t17",
            "argn_column": "c17"
        },
        "donkey": {
            "value_protection": true,
            "encoding_type": "TABULAR_CATEGORICAL",
            "no_of_rare_categories": 0,
            "codes": {
                "_RARE_": 0,
                "X0": 1,
                "X1": 2,
                "X2": 3,
                "X3": 4,
                "X4": 5,
                "X5": 6,
                "X6": 7,
                "X7": 8,
                "X8": 9
            },
            "cardinalities": {
                "cat": 10
            },
            "argn_processor": "tgt",
            "argn_table": "t18",
            "argn_column": "c18"
        },
        "pony": {
            "value_protection": true,
            "encoding_type": "TABULAR_CATEGORICAL",
            "no_of_rare_categories": 0,
            "codes": {
                "_RARE_": 0,
                "5": 1,
                "M": 2
            },
            "cardinalities": {
                "cat": 3
            },
            "argn_processor": "tgt",
            "argn_table": "t19",
            "argn_column": "c19"
        },
        "llama": {
            "value_protection": true,
            "encoding_type": "TABULAR_CATEGORICAL",
            "no_of_rare_categories": 0,
            "codes": {
                "_RARE_": 0,
                "027A": 1,
                "B9DE": 2
            },
            "cardinalities": {
                "cat": 3
            },
            "argn_processor": "tgt",
            "argn_table": "t20",
            "argn_column": "c20"
        },
        "mouse": {
            "encoding_type": "TABULAR_NUMERIC_DIGIT",
            "cardinalities": {
                "E2": 3,
                "E1": 10,
                "E0": 10
            },
            "has_nan": false,
            "has_neg": false,
            "min_digits": {
                "E18": 0,
                "E17": 0,
                "E16": 0,
                "E15": 0,
                "E14": 0,
                "E13": 0,
                "E12": 0,
                "E11": 0,
                "E10": 0,
                "E9": 0,
                "E8": 0,
                "E7": 0,
                "E6": 0,
                "E5": 0,
                "E4": 0,
                "E3": 0,
                "E2": 0,
                "E1": 0,
                "E0": 0,
                "E-1": 0,
                "E-2": 0,
                "E-3": 0,
                "E-4": 0,
                "E-5": 0,
                "E-6": 0,
                "E-7": 0,
                "E-8": 0
            },
            "max_digits": {
                "E18": 0,
                "E17": 0,
                "E16": 0,
                "E15": 0,
                "E14": 0,
                "E13": 0,
                "E12": 0,
                "E11": 0,
                "E10": 0,
                "E9": 0,
                "E8": 0,
                "E7": 0,
                "E6": 0,
                "E5": 0,
                "E4": 0,
                "E3": 0,
                "E2": 2,
                "E1": 9,
                "E0": 9,
                "E-1": 0,
                "E-2": 0,
                "E-3": 0,
                "E-4": 0,
                "E-5": 0,
                "E-6": 0,
                "E-7": 0,
                "E-8": 0
            },
            "max_decimal": 2,
            "min_decimal": 0,
            "min": 3.0,
            "max": 218.0,
            "argn_processor": "tgt",
            "argn_table": "t21",
            "argn_column": "c21"
        },
        "hamster": {
            "value_protection": true,
            "encoding_type": "TABULAR_CATEGORICAL",
            "no_of_rare_categories": 0,
            "codes": {
                "_RARE_": 0,
                "D0": 1,
                "D1": 2,
                "D10": 3,
                "D11": 4,
                "D2": 5,
                "D3": 6,
                "D4": 7,
                "D5": 8,
                "D6": 9,
                "D7": 10,
                "D8": 11,
                "D9": 12
            },
            "cardinalities": {
                "cat": 13
            },
            "argn_processor": "tgt",
            "argn_table": "t22",
            "argn_column": "c22"
        },
        "guinea": {
            "encoding_type": "TABULAR_NUMERIC_DIGIT",
            "cardinalities": {
                "E2": 4,
                "E1": 10,
                "E0": 10
            },
            "has_nan": false,
            "has_neg": false,
            "min_digits": {
                "E18": 0,
                "E17": 0,
                "E16": 0,
                "E15": 0,
                "E14": 0,
                "E13": 0,
                "E12": 0,
                "E11": 0,
                "E10": 0,
                "E9": 0,
                "E8": 0,
                "E7": 0,
                "E6": 0,
                "E5": 0,
                "E4": 0,
                "E3": 0,
                "E2": 0,
                "E1": 0,
                "E0": 0,
                "E-1": 0,
                "E-2": 0,
                "E-3": 0,
                "E-4": 0,
                "E-5": 0,
                "E-6": 0,
                "E-7": 0,
                "E-8": 0
            },
            "max_digits": {
                "E18": 0,
                "E17": 0,
                "E16": 0,
                "E15": 0,
                "E14": 0,
                "E13": 0,
                "E12": 0,
                "E11": 0,
                "E10": 0,
                "E9": 0,
                "E8": 0,
                "E7": 0,
                "E6": 0,
                "E5": 0,
                "E4": 0,
                "E3": 0,
                "E2": 3,
                "E1": 9,
                "E0": 9,
                "E-1": 0,
                "E-2": 0,
                "E-3": 0,
                "E-4": 0,
                "E-5": 0,
                "E-6": 0,
                "E-7": 0,
                "E-8": 0
            },
            "max_decimal": 2,
            "min_decimal": 0,
            "min": 8.0,
            "max": 323.0,
            "argn_processor": "tgt",
            "argn_table": "t23",
            "argn_column": "c23"
        },
        "duck": {
            "value_protection": true,
            "encoding_type": "TABULAR_CATEGORICAL",
            "no_of_rare_categories": 0,
            "codes": {
                "_RARE_": 0,
                "027A": 1,
                "0D45": 2,
                "1520": 3,
                "19CE": 4,
                "248B": 5,
                "457A": 6,
                "5A6C": 7,
                "66DA": 8,
                "6C1C": 9,
                "A2FB": 10,
                "B9DE": 11,
                "BB39": 12,
                "C09E": 13,
                "C9CF": 14
            },
            "cardinalities": {
                "cat": 15
            },
            "argn_processor": "tgt",
            "argn_table": "t24",
            "argn_column": "c24"
        },
        "chicken": {
            "encoding_type": "TABULAR_NUMERIC_DISCRETE",
            "cardinalities": {
                "cat": 86
            },
            "codes": {
                "_RARE_": 0,
                "1.7": 1,
                "1.9": 2,
                "2.0": 3,
                "2.1": 4,
                "2.2": 5,
                "2.3": 6,
                "2.4": 7,
                "2.5": 8,
                "2.6": 9,
                "2.7": 10,
                "2.8": 11,
                "2.9": 12,
                "3.0": 13,
                "3.1": 14,
                "3.2": 15,
                "3.3": 16,
                "3.4": 17,
                "3.5": 18,
                "3.6": 19,
                "3.7": 20,
                "3.8": 21,
                "3.9": 22,
                "4.0": 23,
                "4.1": 24,
                "4.2": 25,
                "4.3": 26,
                "4.4": 27,
                "4.5": 28,
                "4.6": 29,
                "4.7": 30,
                "4.8": 31,
                "4.9": 32,
                "5.0": 33,
                "5.1": 34,
                "5.2": 35,
                "5.3": 36,
                "5.4": 37,
                "5.5": 38,
                "5.6": 39,
                "5.7": 40,
                "5.8": 41,
                "5.9": 42,
                "6.0": 43,
                "6.1": 44,
                "6.2": 45,
                "6.3": 46,
                "6.4": 47,
                "6.5": 48,
                "6.6": 49,
                "6.7": 50,
                "6.8": 51,
                "6.9": 52,
                "7.0": 53,
                "7.1": 54,
                "7.2": 55,
                "7.3": 56,
                "7.4": 57,
                "7.5": 58,
                "7.6": 59,
                "7.7": 60,
                "7.8": 61,
                "7.9": 62,
                "8.0": 63,
                "8.1": 64,
                "8.2": 65,
                "8.3": 66,
                "8.4": 67,
                "8.5": 68,
                "8.6": 69,
                "8.7": 70,
                "8.8": 71,
                "8.9": 72,
                "9.0": 73,
                "9.1": 74,
                "9.2": 75,
                "9.3": 76,
                "9.4": 77,
                "9.5": 78,
                "9.6": 79,
                "9.7": 80,
                "9.8": 81,
                "9.9": 82,
                "10.0": 83,
                "10.1": 84,
                "10.2": 85
            },
            "min_decimal": -1,
            "argn_processor": "tgt",
            "argn_table": "t25",
            "argn_column": "c25"
        },
        "sparrow": {
            "encoding_type": "TABULAR_NUMERIC_DISCRETE",
            "cardinalities": {
                "cat": 3
            },
            "codes": {
                "_RARE_": 0,
                "0": 1,
                "120": 2
            },
            "min_decimal": 1,
            "argn_processor": "tgt",
            "argn_table": "t26",
            "argn_column": "c26"
        },
        "parrot": {
            "encoding_type": "TABULAR_NUMERIC_DIGIT",
            "cardinalities": {
                "E2": 2,
                "E1": 10,
                "E0": 10
            },
            "has_nan": false,
            "has_neg": false,
            "min_digits": {
                "E18": 0,
                "E17": 0,
                "E16": 0,
                "E15": 0,
                "E14": 0,
                "E13": 0,
                "E12": 0,
                "E11": 0,
                "E10": 0,
                "E9": 0,
                "E8": 0,
                "E7": 0,
                "E6": 0,
                "E5": 0,
                "E4": 0,
                "E3": 0,
                "E2": 0,
                "E1": 0,
                "E0": 0,
                "E-1": 0,
                "E-2": 0,
                "E-3": 0,
                "E-4": 0,
                "E-5": 0,
                "E-6": 0,
                "E-7": 0,
                "E-8": 0
            },
            "max_digits": {
                "E18": 0,
                "E17": 0,
                "E16": 0,
                "E15": 0,
                "E14": 0,
                "E13": 0,
                "E12": 0,
                "E11": 0,
                "E10": 0,
                "E9": 0,
                "E8": 0,
                "E7": 0,
                "E6": 0,
                "E5": 0,
                "E4": 0,
                "E3": 0,
                "E2": 1,
                "E1": 9,
                "E0": 9,
                "E-1": 0,
                "E-2": 0,
                "E-3": 0,
                "E-4": 0,
                "E-5": 0,
                "E-6": 0,
                "E-7": 0,
                "E-8": 0
            },
            "max_decimal": 2,
            "min_decimal": 0,
            "min": 0.0,
            "max": 151.0,
            "argn_processor": "tgt",
            "argn_table": "t27",
            "argn_column": "c27"
        },
        "finch": {
            "encoding_type": "TABULAR_NUMERIC_DISCRETE",
            "cardinalities": {
                "cat": 3
            },
            "codes": {
                "_RARE_": 0,
                "0": 1,
                "1": 2
            },
            "min_decimal": 0,
            "argn_processor": "tgt",
            "argn_table": "t28",
            "argn_column": "c28"
        },
        "canary": {
            "encoding_type": "TABULAR_NUMERIC_DIGIT",
            "cardinalities": {
                "E2": 2,
                "E1": 10,
                "E0": 10
            },
            "has_nan": false,
            "has_neg": false,
            "min_digits": {
                "E18": 0,
                "E17": 0,
                "E16": 0,
                "E15": 0,
                "E14": 0,
                "E13": 0,
                "E12": 0,
                "E11": 0,
                "E10": 0,
                "E9": 0,
                "E8": 0,
                "E7": 0,
                "E6": 0,
                "E5": 0,
                "E4": 0,
                "E3": 0,
                "E2": 0,
                "E1": 0,
                "E0": 0,
                "E-1": 0,
                "E-2": 0,
                "E-3": 0,
                "E-4": 0,
                "E-5": 0,
                "E-6": 0,
                "E-7": 0,
                "E-8": 0
            },
            "max_digits": {
                "E18": 0,
                "E17": 0,
                "E16": 0,
                "E15": 0,
                "E14": 0,
                "E13": 0,
                "E12": 0,
                "E11": 0,
                "E10": 0,
                "E9": 0,
                "E8": 0,
                "E7": 0,
                "E6": 0,
                "E5": 0,
                "E4": 0,
                "E3": 0,
                "E2": 1,
                "E1": 9,
                "E0": 9,
                "E-1": 0,
                "E-2": 0,
                "E-3": 0,
                "E-4": 0,
                "E-5": 0,
                "E-6": 0,
                "E-7": 0,
                "E-8": 0
            },
            "max_decimal": 2,
            "min_decimal": 0,
            "min": 0.0,
            "max": 109.0,
            "argn_processor": "tgt",
            "argn_table": "t29",
            "argn_column": "c29"
        },
        "bee": {
            "encoding_type": "TABULAR_NUMERIC_DISCRETE",
            "cardinalities": {
                "cat": 16
            },
            "codes": {
                "_RARE_": 0,
                "10.5": 1,
                "10.6": 2,
                "10.7": 3,
                "10.8": 4,
                "10.9": 5,
                "11.0": 6,
                "11.1": 7,
                "11.2": 8,
                "11.3": 9,
                "11.4": 10,
                "11.5": 11,
                "11.6": 12,
                "11.7": 13,
                "11.8": 14,
                "11.9": 15
            },
            "min_decimal": -1,
            "argn_processor": "tgt",
            "argn_table": "t30",
            "argn_column": "c30"
        },
        "butterfly": {
            "value_protection": true,
            "encoding_type": "TABULAR_CATEGORICAL",
            "no_of_rare_categories": 0,
            "codes": {
                "_RARE_": 0,
                "027A": 1,
                "0571": 2,
                "0BD7": 3,
                "0D45": 4,
                "1520": 5,
                "18FD": 6,
                "19CE": 7,
                "248B": 8,
                "25CD": 9,
                "2A4C": 10,
                "2C78": 11,
                "30AE": 12,
                "391C": 13,
                "39ED": 14,
                "40E4": 15,
                "457A": 16,
                "580C": 17,
                "5A6C": 18,
                "5EB2": 19,
                "633B": 20,
                "63D1": 21,
                "663D": 22,
                "66DA": 23,
                "6C1C": 24,
                "7202": 25,
                "74A6": 26,
                "83C1": 27,
                "9745": 28,
                "9AB6": 29,
                "A10E": 30,
                "A261": 31,
                "A28E": 32,
                "A2FB": 33,
                "A5DB": 34,
                "A639": 35,
                "A864": 36,
                "ACAB": 37,
                "AFB3": 38,
                "B385": 39,
                "B606": 40,
                "B9DE": 41,
                "BB39": 42,
                "BF7F": 43,
                "C09E": 44,
                "C2D8": 45,
                "C9CF": 46,
                "CDAE": 47,
                "D009": 48,
                "D0A5": 49,
                "D668": 50,
                "D704": 51,
                "DC98": 52,
                "E304": 53,
                "E7E0": 54,
                "F068": 55,
                "FBBD": 56
            },
            "cardinalities": {
                "cat": 57
            },
            "argn_processor": "tgt",
            "argn_table": "t31",
            "argn_column": "c31"
        },
        "ladybug": {
            "encoding_type": "TABULAR_NUMERIC_DISCRETE",
            "cardinalities": {
                "cat": 72
            },
            "codes": {
                "_RARE_": 0,
                "0": 1,
                "1": 2,
                "2": 3,
                "3": 4,
                "4": 5,
                "5": 6,
                "6": 7,
                "7": 8,
                "8": 9,
                "9": 10,
                "10": 11,
                "11": 12,
                "12": 13,
                "13": 14,
                "14": 15,
                "15": 16,
                "16": 17,
                "17": 18,
                "18": 19,
                "19": 20,
                "20": 21,
                "21": 22,
                "22": 23,
                "23": 24,
                "24": 25,
                "25": 26,
                "26": 27,
                "27": 28,
                "28": 29,
                "29": 30,
                "30": 31,
                "31": 32,
                "32": 33,
                "33": 34,
                "34": 35,
                "35": 36,
                "36": 37,
                "37": 38,
                "38": 39,
                "39": 40,
                "40": 41,
                "41": 42,
                "42": 43,
                "43": 44,
                "44": 45,
                "45": 46,
                "46": 47,
                "47": 48,
                "48": 49,
                "49": 50,
                "50": 51,
                "51": 52,
                "52": 53,
                "53": 54,
                "54": 55,
                "55": 56,
                "56": 57,
                "57": 58,
                "58": 59,
                "59": 60,
                "60": 61,
                "61": 62,
                "62": 63,
                "63": 64,
                "64": 65,
                "65": 66,
                "66": 67,
                "67": 68,
                "68": 69,
                "69": 70,
                "70": 71
            },
            "min_decimal": 0,
            "argn_processor": "tgt",
            "argn_table": "t32",
            "argn_column": "c32"
        },
        "snail": {
            "encoding_type": "TABULAR_NUMERIC_BINNED",
            "cardinalities": {
                "bin": 103
            },
            "codes": {
                "<<UNK>>": 0,
                "<<MIN>>": 1,
                "<<MAX>>": 2
            },
            "min_decimal": -3,
            "bins": [
                0.602,
                0.748,
                0.845,
                0.903,
                0.944,
                0.982,
                1.009,
                1.041,
                1.064,
                1.079,
                1.114,
                1.121,
                1.146,
                1.152,
                1.17,
                1.182,
                1.199,
                1.204,
                1.22,
                1.23,
                1.241,
                1.255,
                1.27,
                1.279,
                1.283,
                1.297,
                1.301,
                1.31,
                1.318,
                1.322,
                1.334,
                1.342,
                1.346,
                1.354,
                1.362,
                1.366,
                1.377,
                1.38,
                1.387,
                1.394,
                1.398,
                1.405,
                1.412,
                1.415,
                1.422,
                1.428,
                1.431,
                1.439,
                1.447,
                1.45,
                1.456,
                1.462,
                1.465,
                1.471,
                1.477,
                1.482,
                1.489,
                1.491,
                1.497,
                1.505,
                1.508,
                1.513,
                1.519,
                1.524,
                1.529,
                1.534,
                1.539,
                1.544,
                1.551,
                1.556,
                1.561,
                1.568,
                1.573,
                1.58,
                1.584,
                1.591,
                1.598,
                1.602,
                1.611,
                1.617,
                1.623,
                1.631,
                1.639,
                1.645,
                1.653,
                1.663,
                1.672,
                1.679,
                1.69,
                1.699,
                1.709,
                1.723,
                1.736,
                1.75,
                1.765,
                1.784,
                1.803,
                1.83,
                1.861,
                1.901,
                1.96
            ],
            "argn_processor": "tgt",
            "argn_table": "t33",
            "argn_column": "c33"
        },
        "frog": {
            "encoding_type": "TABULAR_NUMERIC_DIGIT",
            "cardinalities": {
                "E2": 4,
                "E1": 10,
                "E0": 10
            },
            "has_nan": false,
            "has_neg": false,
            "min_digits": {
                "E18": 0,
                "E17": 0,
                "E16": 0,
                "E15": 0,
                "E14": 0,
                "E13": 0,
                "E12": 0,
                "E11": 0,
                "E10": 0,
                "E9": 0,
                "E8": 0,
                "E7": 0,
                "E6": 0,
                "E5": 0,
                "E4": 0,
                "E3": 0,
                "E2": 0,
                "E1": 0,
                "E0": 0,
                "E-1": 0,
                "E-2": 0,
                "E-3": 0,
                "E-4": 0,
                "E-5": 0,
                "E-6": 0,
                "E-7": 0,
                "E-8": 0
            },
            "max_digits": {
                "E18": 0,
                "E17": 0,
                "E16": 0,
                "E15": 0,
                "E14": 0,
                "E13": 0,
                "E12": 0,
                "E11": 0,
                "E10": 0,
                "E9": 0,
                "E8": 0,
                "E7": 0,
                "E6": 0,
                "E5": 0,
                "E4": 0,
                "E3": 0,
                "E2": 3,
                "E1": 9,
                "E0": 9,
                "E-1": 0,
                "E-2": 0,
                "E-3": 0,
                "E-4": 0,
                "E-5": 0,
                "E-6": 0,
                "E-7": 0,
                "E-8": 0
            },
            "max_decimal": 2,
            "min_decimal": 0,
            "min": 15.0,
            "max": 398.0,
            "argn_processor": "tgt",
            "argn_table": "t34",
            "argn_column": "c34"
        },
        "cricket": {
            "encoding_type": "TABULAR_NUMERIC_DISCRETE",
            "cardinalities": {
                "cat": 7
            },
            "codes": {
                "_RARE_": 0,
                "0": 1,
                "1": 2,
                "2": 3,
                "3": 4,
                "4": 5,
                "5": 6
            },
            "min_decimal": 0,
            "argn_processor": "tgt",
            "argn_table": "t35",
            "argn_column": "c35"
        },
        "tamarin": {
            "value_protection": true,
            "encoding_type": "TABULAR_CATEGORICAL",
            "no_of_rare_categories": 0,
            "codes": {
                "_RARE_": 0,
                "Y0": 1,
                "Y1": 2,
                "Y2": 3,
                "Y3": 4,
                "Y4": 5,
                "Y5": 6,
                "Y6": 7
            },
            "cardinalities": {
                "cat": 8
            },
            "argn_processor": "tgt",
            "argn_table": "t36",
            "argn_column": "c36"
        },
        "wallaby": {
            "value_protection": true,
            "encoding_type": "TABULAR_CATEGORICAL",
            "no_of_rare_categories": 0,
            "codes": {
                "_RARE_": 0,
                "027A": 1,
                "0D45": 2,
                "19CE": 3,
                "5A6C": 4,
                "B9DE": 5,
                "C09E": 6
            },
            "cardinalities": {
                "cat": 7
            },
            "argn_processor": "tgt",
            "argn_table": "t37",
            "argn_column": "c37"
        },
        "wombat": {
            "encoding_type": "TABULAR_NUMERIC_DIGIT",
            "cardinalities": {
                "E2": 3,
                "E1": 10,
                "E0": 10
            },
            "has_nan": false,
            "has_neg": false,
            "min_digits": {
                "E18": 0,
                "E17": 0,
                "E16": 0,
                "E15": 0,
                "E14": 0,
                "E13": 0,
                "E12": 0,
                "E11": 0,
                "E10": 0,
                "E9": 0,
                "E8": 0,
                "E7": 0,
                "E6": 0,
                "E5": 0,
                "E4": 0,
                "E3": 0,
                "E2": 0,
                "E1": 0,
                "E0": 0,
                "E-1": 0,
                "E-2": 0,
                "E-3": 0,
                "E-4": 0,
                "E-5": 0,
                "E-6": 0,
                "E-7": 0,
                "E-8": 0
            },
            "max_digits": {
                "E18": 0,
                "E17": 0,
                "E16": 0,
                "E15": 0,
                "E14": 0,
                "E13": 0,
                "E12": 0,
                "E11": 0,
                "E10": 0,
                "E9": 0,
                "E8": 0,
                "E7": 0,
                "E6": 0,
                "E5": 0,
                "E4": 0,
                "E3": 0,
                "E2": 2,
                "E1": 9,
                "E0": 9,
                "E-1": 0,
                "E-2": 0,
                "E-3": 0,
                "E-4": 0,
                "E-5": 0,
                "E-6": 0,
                "E-7": 0,
                "E-8": 0
            },
            "max_decimal": 2,
            "min_decimal": 0,
            "min": 3.0,
            "max": 260.0,
            "argn_processor": "tgt",
            "argn_table": "t38",
            "argn_column": "c38"
        },
        "zebra": {
            "encoding_type": "TABULAR_NUMERIC_DISCRETE",
            "cardinalities": {
                "cat": 3
            },
            "codes": {
                "_RARE_": 0,
                "0": 1,
                "1": 2
            },
            "min_decimal": 0,
            "argn_processor": "tgt",
            "argn_table": "t39",
            "argn_column": "c39"
        },
        "flamingo": {
            "encoding_type": "TABULAR_NUMERIC_DISCRETE",
            "cardinalities": {
                "cat": 22
            },
            "codes": {
                "_RARE_": 0,
                "0.05": 1,
                "0.06": 2,
                "0.07": 3,
                "0.08": 4,
                "0.09": 5,
                "0.1": 6,
                "0.11": 7,
                "0.12": 8,
                "0.13": 9,
                "0.14": 10,
                "0.15": 11,
                "0.16": 12,
                "0.17": 13,
                "0.18": 14,
                "0.19": 15,
                "0.2": 16,
                "0.21": 17,
                "0.22": 18,
                "0.23": 19,
                "0.24": 20,
                "0.25": 21
            },
            "min_decimal": -2,
            "argn_processor": "tgt",
            "argn_table": "t40",
            "argn_column": "c40"
        },
        "peacock": {
            "encoding_type": "TABULAR_NUMERIC_DISCRETE",
            "cardinalities": {
                "cat": 3
            },
            "codes": {
                "_RARE_": 0,
                "0": 1,
                "1": 2
            },
            "min_decimal": 0,
            "argn_processor": "tgt",
            "argn_table": "t41",
            "argn_column": "c41"
        },
        "bat": {
            "encoding_type": "TABULAR_NUMERIC_DISCRETE",
            "cardinalities": {
                "cat": 3
            },
            "codes": {
                "_RARE_": 0,
                "0": 1,
                "1": 2
            },
            "min_decimal": 0,
            "argn_processor": "tgt",
            "argn_table": "t42",
            "argn_column": "c42"
        },
        "fox": {
            "encoding_type": "TABULAR_NUMERIC_DISCRETE",
            "cardinalities": {
                "cat": 5
            },
            "codes": {
                "_RARE_": 0,
                "3": 1,
                "4": 2,
                "5": 3,
                "6": 4
            },
            "min_decimal": 0,
            "argn_processor": "tgt",
            "argn_table": "t43",
            "argn_column": "c43"
        },
        "beaver": {
            "encoding_type": "TABULAR_NUMERIC_DISCRETE",
            "cardinalities": {
                "cat": 5
            },
            "codes": {
                "_RARE_": 0,
                "-2": 1,
                "-1": 2,
                "0": 3,
                "1": 4
            },
            "min_decimal": 0,
            "argn_processor": "tgt",
            "argn_table": "t44",
            "argn_column": "c44"
        },
        "monkey": {
            "value_protection": true,
            "encoding_type": "TABULAR_CATEGORICAL",
            "no_of_rare_categories": 0,
            "codes": {
                "_RARE_": 0,
                "Z0": 1,
                "Z1": 2,
                "Z2": 3,
                "Z3": 4
            },
            "cardinalities": {
                "cat": 5
            },
            "argn_processor": "tgt",
            "argn_table": "t45",
            "argn_column": "c45"
        },
        "seal": {
            "encoding_type": "TABULAR_NUMERIC_DISCRETE",
            "cardinalities": {
                "cat": 67
            },
            "codes": {
                "_RARE_": 0,
                "5.2": 1,
                "5.7": 2,
                "6.2": 3,
                "6.7": 4,
                "7.2": 5,
                "7.7": 6,
                "8.2": 7,
                "8.7": 8,
                "9.2": 9,
                "9.7": 10,
                "10.2": 11,
                "10.7": 12,
                "11.2": 13,
                "11.7": 14,
                "12.2": 15,
                "12.7": 16,
                "13.2": 17,
                "13.7": 18,
                "14.2": 19,
                "14.7": 20,
                "15.2": 21,
                "15.7": 22,
                "16.2": 23,
                "16.7": 24,
                "17.2": 25,
                "17.7": 26,
                "18.2": 27,
                "18.7": 28,
                "19.2": 29,
                "19.7": 30,
                "20.2": 31,
                "20.7": 32,
                "21.2": 33,
                "21.7": 34,
                "22.2": 35,
                "22.7": 36,
                "23.2": 37,
                "23.7": 38,
                "24.2": 39,
                "24.7": 40,
                "25.2": 41,
                "25.7": 42,
                "26.2": 43,
                "26.7": 44,
                "27.2": 45,
                "27.7": 46,
                "28.2": 47,
                "28.7": 48,
                "29.2": 49,
                "29.7": 50,
                "30.2": 51,
                "30.7": 52,
                "31.2": 53,
                "31.7": 54,
                "32.2": 55,
                "32.7": 56,
                "33.2": 57,
                "33.7": 58,
                "34.2": 59,
                "34.7": 60,
                "35.2": 61,
                "35.7": 62,
                "36.2": 63,
                "36.7": 64,
                "37.2": 65,
                "37.7": 66
            },
            "min_decimal": -1,
            "argn_processor": "tgt",
            "argn_table": "t46",
            "argn_column": "c46"
        },
        "robin": {
            "encoding_type": "TABULAR_NUMERIC_DISCRETE",
            "cardinalities": {
                "cat": 3
            },
            "codes": {
                "_RARE_": 0,
                "0": 1,
                "1": 2
            },
            "min_decimal": 0,
            "argn_processor": "tgt",
            "argn_table": "t47",
            "argn_column": "c47"
        },
        "loon": {
            "encoding_type": "TABULAR_NUMERIC_DIGIT",
            "cardinalities": {
                "nan": 2,
                "E0": 4,
                "E-1": 10,
                "E-2": 10
            },
            "has_nan": true,
            "has_neg": false,
            "min_digits": {
                "E18": 0,
                "E17": 0,
                "E16": 0,
                "E15": 0,
                "E14": 0,
                "E13": 0,
                "E12": 0,
                "E11": 0,
                "E10": 0,
                "E9": 0,
                "E8": 0,
                "E7": 0,
                "E6": 0,
                "E5": 0,
                "E4": 0,
                "E3": 0,
                "E2": 0,
                "E1": 0,
                "E0": 0,
                "E-1": 0,
                "E-2": 0,
                "E-3": 0,
                "E-4": 0,
                "E-5": 0,
                "E-6": 0,
                "E-7": 0,
                "E-8": 0
            },
            "max_digits": {
                "E18": 0,
                "E17": 0,
                "E16": 0,
                "E15": 0,
                "E14": 0,
                "E13": 0,
                "E12": 0,
                "E11": 0,
                "E10": 0,
                "E9": 0,
                "E8": 0,
                "E7": 0,
                "E6": 0,
                "E5": 0,
                "E4": 0,
                "E3": 0,
                "E2": 0,
                "E1": 0,
                "E0": 3,
                "E-1": 9,
                "E-2": 9,
                "E-3": 0,
                "E-4": 0,
                "E-5": 0,
                "E-6": 0,
                "E-7": 0,
                "E-8": 0
            },
            "max_decimal": 0,
            "min_decimal": -2,
            "min": 0.23,
            "max": 3.1,
            "argn_processor": "tgt",
            "argn_table": "t48",
            "argn_column": "c48"
        },
        "swan": {
            "encoding_type": "TABULAR_NUMERIC_DISCRETE",
            "cardinalities": {
                "cat": 4
            },
            "codes": {
                "_RARE_": 0,
                "2": 1,
                "3": 2,
                "4": 3
            },
            "min_decimal": 0,
            "argn_processor": "tgt",
            "argn_table": "t49",
            "argn_column": "c49"
        },
        "goldfish": {
            "encoding_type": "TABULAR_NUMERIC_DIGIT",
            "cardinalities": {
                "E2": 3,
                "E1": 10,
                "E0": 10
            },
            "has_nan": false,
            "has_neg": false,
            "min_digits": {
                "E18": 0,
                "E17": 0,
                "E16": 0,
                "E15": 0,
                "E14": 0,
                "E13": 0,
                "E12": 0,
                "E11": 0,
                "E10": 0,
                "E9": 0,
                "E8": 0,
                "E7": 0,
                "E6": 0,
                "E5": 0,
                "E4": 0,
                "E3": 0,
                "E2": 0,
                "E1": 0,
                "E0": 0,
                "E-1": 0,
                "E-2": 0,
                "E-3": 0,
                "E-4": 0,
                "E-5": 0,
                "E-6": 0,
                "E-7": 0,
                "E-8": 0
            },
            "max_digits": {
                "E18": 0,
                "E17": 0,
                "E16": 0,
                "E15": 0,
                "E14": 0,
                "E13": 0,
                "E12": 0,
                "E11": 0,
                "E10": 0,
                "E9": 0,
                "E8": 0,
                "E7": 0,
                "E6": 0,
                "E5": 0,
                "E4": 0,
                "E3": 0,
                "E2": 2,
                "E1": 9,
                "E0": 9,
                "E-1": 0,
                "E-2": 0,
                "E-3": 0,
                "E-4": 0,
                "E-5": 0,
                "E-6": 0,
                "E-7": 0,
                "E-8": 0
            },
            "max_decimal": 2,
            "min_decimal": 0,
            "min": 6.0,
            "max": 213.0,
            "argn_processor": "tgt",
            "argn_table": "t50",
            "argn_column": "c50"
        },
        "minnow": {
            "encoding_type": "TABULAR_NUMERIC_DISCRETE",
            "cardinalities": {
                "cat": 3
            },
            "codes": {
                "_RARE_": 0,
                "0": 1,
                "1": 2
            },
            "min_decimal": 0,
            "argn_processor": "tgt",
            "argn_table": "t51",
            "argn_column": "c51"
        },
        "mole": {
            "encoding_type": "TABULAR_NUMERIC_DISCRETE",
            "cardinalities": {
                "cat": 3
            },
            "codes": {
                "_RARE_": 0,
                "0": 1,
                "1": 2
            },
            "min_decimal": 0,
            "argn_processor": "tgt",
            "argn_table": "t52",
            "argn_column": "c52"
        },
        "shrew": {
            "encoding_type": "TABULAR_NUMERIC_BINNED",
            "cardinalities": {
                "bin": 103
            },
            "codes": {
                "<<UNK>>": 0,
                "<<MIN>>": 1,
                "<<MAX>>": 2
            },
            "min_decimal": -8,
            "bins": [
                -10.0,
                -9.96,
                -9.85,
                -9.78,
                -9.72,
                -9.67,
                -9.61,
                -9.56,
                -9.52,
                -9.47,
                -9.43,
                -9.39,
                -9.34,
                -9.3,
                -9.27,
                -9.23,
                -9.19,
                -9.15,
                -9.11,
                -9.08,
                -9.05,
                -9.01,
                -8.97,
                -8.93,
                -8.89,
                -8.85,
                -8.82,
                -8.78,
                -8.74,
                -8.7,
                -8.66,
                -8.629999999999999,
                -8.59,
                -8.55,
                -8.51,
                -8.48,
                -8.44,
                -8.4,
                -8.36,
                -8.32,
                -8.28,
                -8.23,
                -8.19,
                -8.14,
                -8.1,
                -8.05,
                -8.01,
                -7.970000000000001,
                -7.92,
                -7.859999999999999,
                -7.81,
                -7.76,
                -7.7,
                -7.65,
                -7.59,
                -7.54,
                -7.48,
                -7.43,
                -7.359999999999999,
                -7.29,
                -7.220000000000001,
                -7.16,
                -7.109999999999999,
                -7.04,
                -6.970000000000001,
                -6.88,
                -6.8100000000000005,
                -6.73,
                -6.640000000000001,
                -6.54,
                -6.46,
                -6.38,
                -6.26,
                -6.17,
                -6.04,
                -5.94,
                -5.84,
                -5.68,
                -5.57,
                -5.45,
                -5.31,
                -5.15,
                -5.01,
                -4.82,
                -4.62,
                -4.43,
                -4.26,
                -4.02,
                -3.81,
                -3.5,
                -3.21,
                -2.93,
                -2.56,
                -2.17,
                -1.7799999999999994,
                -1.3599999999999994,
                -0.8900000000000006,
                -0.2200000000000006,
                0.3399999999999998,
                1.1899999999999995,
                1.7599999999999998
            ],
            "argn_processor": "tgt",
            "argn_table": "t53",
            "argn_column": "c53"
        },
        "puffin": {
            "encoding_type": "TABULAR_NUMERIC_DIGIT",
            "cardinalities": {
                "E2": 2,
                "E1": 10,
                "E0": 10
            },
            "has_nan": false,
            "has_neg": false,
            "min_digits": {
                "E18": 0,
                "E17": 0,
                "E16": 0,
                "E15": 0,
                "E14": 0,
                "E13": 0,
                "E12": 0,
                "E11": 0,
                "E10": 0,
                "E9": 0,
                "E8": 0,
                "E7": 0,
                "E6": 0,
                "E5": 0,
                "E4": 0,
                "E3": 0,
                "E2": 0,
                "E1": 0,
                "E0": 0,
                "E-1": 0,
                "E-2": 0,
                "E-3": 0,
                "E-4": 0,
                "E-5": 0,
                "E-6": 0,
                "E-7": 0,
                "E-8": 0
            },
            "max_digits": {
                "E18": 0,
                "E17": 0,
                "E16": 0,
                "E15": 0,
                "E14": 0,
                "E13": 0,
                "E12": 0,
                "E11": 0,
                "E10": 0,
                "E9": 0,
                "E8": 0,
                "E7": 0,
                "E6": 0,
                "E5": 0,
                "E4": 0,
                "E3": 0,
                "E2": 1,
                "E1": 9,
                "E0": 9,
                "E-1": 0,
                "E-2": 0,
                "E-3": 0,
                "E-4": 0,
                "E-5": 0,
                "E-6": 0,
                "E-7": 0,
                "E-8": 0
            },
            "max_decimal": 2,
            "min_decimal": 0,
            "min": 0.0,
            "max": 108.0,
            "argn_processor": "tgt",
            "argn_table": "t54",
            "argn_column": "c54"
        },
        "owl": {
            "encoding_type": "TABULAR_NUMERIC_DISCRETE",
            "cardinalities": {
                "cat": 3
            },
            "codes": {
                "_RARE_": 0,
                "0": 1,
                "1": 2
            },
            "min_decimal": 0,
            "argn_processor": "tgt",
            "argn_table": "t55",
            "argn_column": "c55"
        },
        "bunny": {
            "encoding_type": "TABULAR_NUMERIC_DISCRETE",
            "cardinalities": {
                "cat": 4
            },
            "codes": {
                "_RARE_": 0,
                "2": 1,
                "3": 2,
                "4": 3
            },
            "min_decimal": 0,
            "argn_processor": "tgt",
            "argn_table": "t56",
            "argn_column": "c56"
        },
        "bear": {
            "encoding_type": "TABULAR_NUMERIC_DISCRETE",
            "cardinalities": {
                "cat": 12
            },
            "codes": {
                "_RARE_": 0,
                "1.4": 1,
                "1.5": 2,
                "1.6": 3,
                "1.7": 4,
                "1.8": 5,
                "1.9": 6,
                "2.0": 7,
                "2.1": 8,
                "2.2": 9,
                "2.3": 10,
                "2.4": 11
            },
            "min_decimal": -1,
            "argn_processor": "tgt",
            "argn_table": "t57",
            "argn_column": "c57"
        },
        "chipmunk": {
            "value_protection": true,
            "encoding_type": "TABULAR_CATEGORICAL",
            "no_of_rare_categories": 0,
            "codes": {
                "_RARE_": 0,
                "027A": 1,
                "5A6C": 2,
                "B9DE": 3,
                "C09E": 4
            },
            "cardinalities": {
                "cat": 5
            },
            "argn_processor": "tgt",
            "argn_table": "t58",
            "argn_column": "c58"
        },
        "cub": {
            "encoding_type": "TABULAR_NUMERIC_DIGIT",
            "cardinalities": {
                "E0": 7,
                "E-1": 10,
                "E-2": 10
            },
            "has_nan": false,
            "has_neg": false,
            "min_digits": {
                "E18": 0,
                "E17": 0,
                "E16": 0,
                "E15": 0,
                "E14": 0,
                "E13": 0,
                "E12": 0,
                "E11": 0,
                "E10": 0,
                "E9": 0,
                "E8": 0,
                "E7": 0,
                "E6": 0,
                "E5": 0,
                "E4": 0,
                "E3": 0,
                "E2": 0,
                "E1": 0,
                "E0": 3,
                "E-1": 0,
                "E-2": 0,
                "E-3": 0,
                "E-4": 0,
                "E-5": 0,
                "E-6": 0,
                "E-7": 0,
                "E-8": 0
            },
            "max_digits": {
                "E18": 0,
                "E17": 0,
                "E16": 0,
                "E15": 0,
                "E14": 0,
                "E13": 0,
                "E12": 0,
                "E11": 0,
                "E10": 0,
                "E9": 0,
                "E8": 0,
                "E7": 0,
                "E6": 0,
                "E5": 0,
                "E4": 0,
                "E3": 0,
                "E2": 0,
                "E1": 0,
                "E0": 9,
                "E-1": 9,
                "E-2": 9,
                "E-3": 0,
                "E-4": 0,
                "E-5": 0,
                "E-6": 0,
                "E-7": 0,
                "E-8": 0
            },
            "max_decimal": 0,
            "min_decimal": -2,
            "min": 3.0,
            "max": 9.56,
            "argn_processor": "tgt",
            "argn_table": "t59",
            "argn_column": "c59"
        },
        "acorn": {
            "encoding_type": "TABULAR_NUMERIC_DIGIT",
            "cardinalities": {
                "E2": 2,
                "E1": 10,
                "E0": 10
            },
            "has_nan": false,
            "has_neg": false,
            "min_digits": {
                "E18": 0,
                "E17": 0,
                "E16": 0,
                "E15": 0,
                "E14": 0,
                "E13": 0,
                "E12": 0,
                "E11": 0,
                "E10": 0,
                "E9": 0,
                "E8": 0,
                "E7": 0,
                "E6": 0,
                "E5": 0,
                "E4": 0,
                "E3": 0,
                "E2": 0,
                "E1": 0,
                "E0": 0,
                "E-1": 0,
                "E-2": 0,
                "E-3": 0,
                "E-4": 0,
                "E-5": 0,
                "E-6": 0,
                "E-7": 0,
                "E-8": 0
            },
            "max_digits": {
                "E18": 0,
                "E17": 0,
                "E16": 0,
                "E15": 0,
                "E14": 0,
                "E13": 0,
                "E12": 0,
                "E11": 0,
                "E10": 0,
                "E9": 0,
                "E8": 0,
                "E7": 0,
                "E6": 0,
                "E5": 0,
                "E4": 0,
                "E3": 0,
                "E2": 1,
                "E1": 9,
                "E0": 9,
                "E-1": 0,
                "E-2": 0,
                "E-3": 0,
                "E-4": 0,
                "E-5": 0,
                "E-6": 0,
                "E-7": 0,
                "E-8": 0
            },
            "max_decimal": 2,
            "min_decimal": 0,
            "min": 2.0,
            "max": 164.0,
            "argn_processor": "tgt",
            "argn_table": "t60",
            "argn_column": "c60"
        },
        "leaf": {
            "value_protection": true,
            "encoding_type": "TABULAR_CATEGORICAL",
            "no_of_rare_categories": 0,
            "codes": {
                "_RARE_": 0,
                "027A": 1,
                "B9DE": 2,
                "C09E": 3
            },
            "cardinalities": {
                "cat": 4
            },
            "argn_processor": "tgt",
            "argn_table": "t61",
            "argn_column": "c61"
        },
        "cloud": {
            "encoding_type": "TABULAR_NUMERIC_DISCRETE",
            "cardinalities": {
                "cat": 23
            },
            "codes": {
                "_RARE_": 0,
                "<<NULL>>": 1,
                "-10.0": 2,
                "-9.0": 3,
                "-8.0": 4,
                "-7.0": 5,
                "-6.0": 6,
                "-5.0": 7,
                "-4.0": 8,
                "-3.0": 9,
                "-2.0": 10,
                "-1.0": 11,
                "0.0": 12,
                "1.0": 13,
                "2.0": 14,
                "3.0": 15,
                "4.0": 16,
                "5.0": 17,
                "6.0": 18,
                "7.0": 19,
                "8.0": 20,
                "9.0": 21,
                "10.0": 22
            },
            "min_decimal": 0,
            "argn_processor": "tgt",
            "argn_table": "t62",
            "argn_column": "c62"
        },
        "rainbow": {
            "encoding_type": "TABULAR_NUMERIC_DISCRETE",
            "cardinalities": {
                "cat": 47
            },
            "codes": {
                "_RARE_": 0,
                "0.6": 1,
                "0.7": 2,
                "0.8": 3,
                "0.9": 4,
                "1.0": 5,
                "1.1": 6,
                "1.2": 7,
                "1.3": 8,
                "1.4": 9,
                "1.5": 10,
                "1.6": 11,
                "1.7": 12,
                "1.8": 13,
                "1.9": 14,
                "2.0": 15,
                "2.1": 16,
                "2.2": 17,
                "2.3": 18,
                "2.4": 19,
                "2.5": 20,
                "2.6": 21,
                "2.7": 22,
                "2.8": 23,
                "2.9": 24,
                "3.0": 25,
                "3.1": 26,
                "3.2": 27,
                "3.3": 28,
                "3.4": 29,
                "3.5": 30,
                "3.6": 31,
                "3.7": 32,
                "3.8": 33,
                "3.9": 34,
                "4.0": 35,
                "4.1": 36,
                "4.2": 37,
                "4.3": 38,
                "4.4": 39,
                "4.5": 40,
                "4.6": 41,
                "4.7": 42,
                "4.8": 43,
                "4.9": 44,
                "5.0": 45,
                "5.1": 46
            },
            "min_decimal": -1,
            "argn_processor": "tgt",
            "argn_table": "t63",
            "argn_column": "c63"
        },
        "puddle": {
            "encoding_type": "TABULAR_NUMERIC_DISCRETE",
            "cardinalities": {
                "cat": 4
            },
            "codes": {
                "_RARE_": 0,
                "1": 1,
                "2": 2,
                "3": 3
            },
            "min_decimal": 0,
            "argn_processor": "tgt",
            "argn_table": "t64",
            "argn_column": "c64"
        },
        "berry": {
            "encoding_type": "TABULAR_NUMERIC_DIGIT",
            "cardinalities": {
                "E2": 4,
                "E1": 10,
                "E0": 10
            },
            "has_nan": false,
            "has_neg": false,
            "min_digits": {
                "E18": 0,
                "E17": 0,
                "E16": 0,
                "E15": 0,
                "E14": 0,
                "E13": 0,
                "E12": 0,
                "E11": 0,
                "E10": 0,
                "E9": 0,
                "E8": 0,
                "E7": 0,
                "E6": 0,
                "E5": 0,
                "E4": 0,
                "E3": 0,
                "E2": 0,
                "E1": 0,
                "E0": 0,
                "E-1": 0,
                "E-2": 0,
                "E-3": 0,
                "E-4": 0,
                "E-5": 0,
                "E-6": 0,
                "E-7": 0,
                "E-8": 0
            },
            "max_digits": {
                "E18": 0,
                "E17": 0,
                "E16": 0,
                "E15": 0,
                "E14": 0,
                "E13": 0,
                "E12": 0,
                "E11": 0,
                "E10": 0,
                "E9": 0,
                "E8": 0,
                "E7": 0,
                "E6": 0,
                "E5": 0,
                "E4": 0,
                "E3": 0,
                "E2": 3,
                "E1": 9,
                "E0": 9,
                "E-1": 0,
                "E-2": 0,
                "E-3": 0,
                "E-4": 0,
                "E-5": 0,
                "E-6": 0,
                "E-7": 0,
                "E-8": 0
            },
            "max_decimal": 2,
            "min_decimal": 0,
            "min": 12.0,
            "max": 374.0,
            "argn_processor": "tgt",
            "argn_table": "t65",
            "argn_column": "c65"
        },
        "apple": {
            "encoding_type": "TABULAR_NUMERIC_DISCRETE",
            "cardinalities": {
                "cat": 96
            },
            "codes": {
                "_RARE_": 0,
                "-51": 1,
                "-50": 2,
                "-49": 3,
                "-48": 4,
                "-47": 5,
                "-46": 6,
                "-45": 7,
                "-44": 8,
                "-43": 9,
                "-42": 10,
                "-41": 11,
                "-40": 12,
                "-39": 13,
                "-38": 14,
                "-37": 15,
                "-36": 16,
                "-35": 17,
                "-34": 18,
                "-33": 19,
                "-32": 20,
                "-31": 21,
                "-30": 22,
                "-29": 23,
                "-28": 24,
                "-27": 25,
                "-26": 26,
                "-25": 27,
                "-24": 28,
                "-23": 29,
                "-22": 30,
                "-21": 31,
                "-20": 32,
                "-19": 33,
                "-18": 34,
                "-17": 35,
                "-16": 36,
                "-15": 37,
                "-14": 38,
                "-13": 39,
                "-12": 40,
                "-11": 41,
                "-10": 42,
                "-9": 43,
                "-8": 44,
                "-7": 45,
                "-6": 46,
                "-5": 47,
                "-4": 48,
                "-3": 49,
                "-2": 50,
                "-1": 51,
                "0": 52,
                "1": 53,
                "2": 54,
                "3": 55,
                "4": 56,
                "5": 57,
                "6": 58,
                "7": 59,
                "8": 60,
                "9": 61,
                "10": 62,
                "11": 63,
                "12": 64,
                "13": 65,
                "14": 66,
                "15": 67,
                "16": 68,
                "17": 69,
                "18": 70,
                "19": 71,
                "20": 72,
                "21": 73,
                "22": 74,
                "23": 75,
                "24": 76,
                "25": 77,
                "26": 78,
                "27": 79,
                "28": 80,
                "29": 81,
                "30": 82,
                "31": 83,
                "32": 84,
                "33": 85,
                "34": 86,
                "35": 87,
                "36": 88,
                "37": 89,
                "38": 90,
                "39": 91,
                "40": 92,
                "41": 93,
                "42": 94,
                "43": 95
            },
            "min_decimal": 0,
            "argn_processor": "tgt",
            "argn_table": "t66",
            "argn_column": "c66"
        },
        "honey": {
            "encoding_type": "TABULAR_NUMERIC_DISCRETE",
            "cardinalities": {
                "cat": 5
            },
            "codes": {
                "_RARE_": 0,
                "3": 1,
                "4": 2,
                "5": 3,
                "6": 4
            },
            "min_decimal": 0,
            "argn_processor": "tgt",
            "argn_table": "t67",
            "argn_column": "c67"
        },
        "pumpkin": {
            "encoding_type": "TABULAR_NUMERIC_DIGIT",
            "cardinalities": {
                "neg": 2,
                "E1": 10,
                "E0": 10
            },
            "has_nan": false,
            "has_neg": true,
            "min_digits": {
                "E18": 0,
                "E17": 0,
                "E16": 0,
                "E15": 0,
                "E14": 0,
                "E13": 0,
                "E12": 0,
                "E11": 0,
                "E10": 0,
                "E9": 0,
                "E8": 0,
                "E7": 0,
                "E6": 0,
                "E5": 0,
                "E4": 0,
                "E3": 0,
                "E2": 0,
                "E1": 0,
                "E0": 0,
                "E-1": 0,
                "E-2": 0,
                "E-3": 0,
                "E-4": 0,
                "E-5": 0,
                "E-6": 0,
                "E-7": 0,
                "E-8": 0
            },
            "max_digits": {
                "E18": 0,
                "E17": 0,
                "E16": 0,
                "E15": 0,
                "E14": 0,
                "E13": 0,
                "E12": 0,
                "E11": 0,
                "E10": 0,
                "E9": 0,
                "E8": 0,
                "E7": 0,
                "E6": 0,
                "E5": 0,
                "E4": 0,
                "E3": 0,
                "E2": 0,
                "E1": 9,
                "E0": 9,
                "E-1": 0,
                "E-2": 0,
                "E-3": 0,
                "E-4": 0,
                "E-5": 0,
                "E-6": 0,
                "E-7": 0,
                "E-8": 0
            },
            "max_decimal": 1,
            "min_decimal": 0,
            "min": -97.0,
            "max": 98.0,
            "argn_processor": "tgt",
            "argn_table": "t68",
            "argn_column": "c68"
        },
        "teddy": {
            "value_protection": true,
            "encoding_type": "TABULAR_CATEGORICAL",
            "no_of_rare_categories": 0,
            "codes": {
                "_RARE_": 0,
                "0128": 1,
                "027A": 2,
                "0571": 3,
                "0BD7": 4,
                "0D45": 5,
                "1520": 6,
                "18A4": 7,
                "18FD": 8,
                "1912": 9,
                "19CE": 10,
                "1E3A": 11,
                "248B": 12,
                "25CD": 13,
                "291E": 14,
                "2A4C": 15,
                "2C78": 16,
                "2DF5": 17,
                "30AE": 18,
                "391C": 19,
                "39ED": 20,
                "40E4": 21,
                "44F9": 22,
                "457A": 23,
                "580C": 24,
                "5A6C": 25,
                "5EB2": 26,
                "633B": 27,
                "63D1": 28,
                "6573": 29,
                "663D": 30,
                "66DA": 31,
                "67FB": 32,
                "6987": 33,
                "6C1C": 34,
                "71A9": 35,
                "7202": 36,
                "74A6": 37,
                "74AF": 38,
                "7733": 39,
                "788E": 40,
                "7DD5": 41,
                "7DF0": 42,
                "83C1": 43,
                "85C4": 44,
                "9462": 45,
                "9745": 46,
                "9839": 47,
                "9AB6": 48,
                "9FCC": 49,
                "A10E": 50,
                "A1F7": 51,
                "A22E": 52,
                "A261": 53,
                "A28E": 54,
                "A2FB": 55,
                "A4AE": 56,
                "A5DB": 57,
                "A620": 58,
                "A639": 59,
                "A864": 60,
                "ACAB": 61,
                "AFB3": 62,
                "B17E": 63,
                "B385": 64,
                "B606": 65,
                "B9DE": 66,
                "BB39": 67,
                "BF7F": 68,
                "C09E": 69,
                "C2D8": 70,
                "C9CF": 71,
                "CBAE": 72,
                "CDAE": 73,
                "D009": 74,
                "D0A5": 75,
                "D267": 76,
                "D2DC": 77,
                "D668": 78,
                "D704": 79,
                "DC98": 80,
                "E05B": 81,
                "E304": 82,
                "E7E0": 83,
                "EB3D": 84,
                "F068": 85,
                "F3D6": 86,
                "F9E7": 87,
                "FB50": 88,
                "FB94": 89,
                "FBBD": 90
            },
            "cardinalities": {
                "cat": 91
            },
            "argn_processor": "tgt",
            "argn_table": "t69",
            "argn_column": "c69"
        },
        "blanket": {
            "value_protection": true,
            "encoding_type": "TABULAR_CATEGORICAL",
            "no_of_rare_categories": 0,
            "codes": {
                "_RARE_": 0,
                "A0": 1,
                "A1": 2,
                "A2": 3,
                "A3": 4,
                "A4": 5,
                "A5": 6,
                "A6": 7,
                "A7": 8,
                "A8": 9,
                "A9": 10
            },
            "cardinalities": {
                "cat": 11
            },
            "argn_processor": "tgt",
            "argn_table": "t70",
            "argn_column": "c70"
        },
        "button": {
            "encoding_type": "TABULAR_NUMERIC_DISCRETE",
            "cardinalities": {
                "cat": 76
            },
            "codes": {
                "_RARE_": 0,
                "-37": 1,
                "-36": 2,
                "-35": 3,
                "-34": 4,
                "-33": 5,
                "-32": 6,
                "-31": 7,
                "-30": 8,
                "-29": 9,
                "-28": 10,
                "-27": 11,
                "-26": 12,
                "-25": 13,
                "-24": 14,
                "-23": 15,
                "-22": 16,
                "-21": 17,
                "-20": 18,
                "-19": 19,
                "-18": 20,
                "-17": 21,
                "-16": 22,
                "-15": 23,
                "-14": 24,
                "-13": 25,
                "-12": 26,
                "-11": 27,
                "-10": 28,
                "-9": 29,
                "-8": 30,
                "-7": 31,
                "-6": 32,
                "-5": 33,
                "-4": 34,
                "-3": 35,
                "-2": 36,
                "-1": 37,
                "0": 38,
                "1": 39,
                "2": 40,
                "3": 41,
                "4": 42,
                "5": 43,
                "6": 44,
                "7": 45,
                "8": 46,
                "9": 47,
                "10": 48,
                "11": 49,
                "12": 50,
                "13": 51,
                "14": 52,
                "15": 53,
                "16": 54,
                "17": 55,
                "18": 56,
                "19": 57,
                "20": 58,
                "21": 59,
                "22": 60,
                "23": 61,
                "24": 62,
                "25": 63,
                "26": 64,
                "27": 65,
                "28": 66,
                "29": 67,
                "30": 68,
                "31": 69,
                "32": 70,
                "33": 71,
                "34": 72,
                "35": 73,
                "36": 74,
                "37": 75
            },
            "min_decimal": 0,
            "argn_processor": "tgt",
            "argn_table": "t71",
            "argn_column": "c71"
        },
        "whistle": {
            "encoding_type": "TABULAR_NUMERIC_DISCRETE",
            "cardinalities": {
                "cat": 18
            },
            "codes": {
                "_RARE_": 0,
                "-2": 1,
                "-1": 2,
                "0": 3,
                "1": 4,
                "2": 5,
                "3": 6,
                "4": 7,
                "5": 8,
                "6": 9,
                "7": 10,
                "8": 11,
                "9": 12,
                "10": 13,
                "11": 14,
                "12": 15,
                "13": 16,
                "14": 17
            },
            "min_decimal": 0,
            "argn_processor": "tgt",
            "argn_table": "t72",
            "argn_column": "c72"
        },
        "marble": {
            "encoding_type": "TABULAR_NUMERIC_DISCRETE",
            "cardinalities": {
                "cat": 3
            },
            "codes": {
                "_RARE_": 0,
                "0": 1,
                "1": 2
            },
            "min_decimal": 0,
            "argn_processor": "tgt",
            "argn_table": "t73",
            "argn_column": "c73"
        },
        "wagon": {
            "encoding_type": "TABULAR_NUMERIC_DIGIT",
            "cardinalities": {
                "neg": 2,
                "E0": 2,
                "E-1": 10,
                "E-2": 10
            },
            "has_nan": false,
            "has_neg": true,
            "min_digits": {
                "E18": 0,
                "E17": 0,
                "E16": 0,
                "E15": 0,
                "E14": 0,
                "E13": 0,
                "E12": 0,
                "E11": 0,
                "E10": 0,
                "E9": 0,
                "E8": 0,
                "E7": 0,
                "E6": 0,
                "E5": 0,
                "E4": 0,
                "E3": 0,
                "E2": 0,
                "E1": 0,
                "E0": 0,
                "E-1": 0,
                "E-2": 0,
                "E-3": 0,
                "E-4": 0,
                "E-5": 0,
                "E-6": 0,
                "E-7": 0,
                "E-8": 0
            },
            "max_digits": {
                "E18": 0,
                "E17": 0,
                "E16": 0,
                "E15": 0,
                "E14": 0,
                "E13": 0,
                "E12": 0,
                "E11": 0,
                "E10": 0,
                "E9": 0,
                "E8": 0,
                "E7": 0,
                "E6": 0,
                "E5": 0,
                "E4": 0,
                "E3": 0,
                "E2": 0,
                "E1": 0,
                "E0": 1,
                "E-1": 9,
                "E-2": 9,
                "E-3": 0,
                "E-4": 0,
                "E-5": 0,
                "E-6": 0,
                "E-7": 0,
                "E-8": 0
            },
            "max_decimal": 0,
            "min_decimal": -2,
            "min": -1.13,
            "max": -0.13,
            "argn_processor": "tgt",
            "argn_table": "t74",
            "argn_column": "c74"
        },
        "storybook": {
            "encoding_type": "TABULAR_NUMERIC_DIGIT",
            "cardinalities": {
                "neg": 2,
                "E1": 9,
                "E0": 10
            },
            "has_nan": false,
            "has_neg": true,
            "min_digits": {
                "E18": 0,
                "E17": 0,
                "E16": 0,
                "E15": 0,
                "E14": 0,
                "E13": 0,
                "E12": 0,
                "E11": 0,
                "E10": 0,
                "E9": 0,
                "E8": 0,
                "E7": 0,
                "E6": 0,
                "E5": 0,
                "E4": 0,
                "E3": 0,
                "E2": 0,
                "E1": 0,
                "E0": 0,
                "E-1": 0,
                "E-2": 0,
                "E-3": 0,
                "E-4": 0,
                "E-5": 0,
                "E-6": 0,
                "E-7": 0,
                "E-8": 0
            },
            "max_digits": {
                "E18": 0,
                "E17": 0,
                "E16": 0,
                "E15": 0,
                "E14": 0,
                "E13": 0,
                "E12": 0,
                "E11": 0,
                "E10": 0,
                "E9": 0,
                "E8": 0,
                "E7": 0,
                "E6": 0,
                "E5": 0,
                "E4": 0,
                "E3": 0,
                "E2": 0,
                "E1": 8,
                "E0": 9,
                "E-1": 0,
                "E-2": 0,
                "E-3": 0,
                "E-4": 0,
                "E-5": 0,
                "E-6": 0,
                "E-7": 0,
                "E-8": 0
            },
            "max_decimal": 1,
            "min_decimal": 0,
            "min": -86.0,
            "max": 87.0,
            "argn_processor": "tgt",
            "argn_table": "t75",
            "argn_column": "c75"
        },
        "candle": {
            "value_protection": true,
            "encoding_type": "TABULAR_CATEGORICAL",
            "no_of_rare_categories": 0,
            "codes": {
                "_RARE_": 0,
                "B0": 1,
                "B1": 2,
                "B2": 3,
                "B3": 4,
                "B4": 5
            },
            "cardinalities": {
                "cat": 6
            },
            "argn_processor": "tgt",
            "argn_table": "t76",
            "argn_column": "c76"
        },
        "clover": {
            "encoding_type": "TABULAR_NUMERIC_DIGIT",
            "cardinalities": {
                "E0": 6,
                "E-1": 10,
                "E-2": 10
            },
            "has_nan": false,
            "has_neg": false,
            "min_digits": {
                "E18": 0,
                "E17": 0,
                "E16": 0,
                "E15": 0,
                "E14": 0,
                "E13": 0,
                "E12": 0,
                "E11": 0,
                "E10": 0,
                "E9": 0,
                "E8": 0,
                "E7": 0,
                "E6": 0,
                "E5": 0,
                "E4": 0,
                "E3": 0,
                "E2": 0,
                "E1": 0,
                "E0": 0,
                "E-1": 0,
                "E-2": 0,
                "E-3": 0,
                "E-4": 0,
                "E-5": 0,
                "E-6": 0,
                "E-7": 0,
                "E-8": 0
            },
            "max_digits": {
                "E18": 0,
                "E17": 0,
                "E16": 0,
                "E15": 0,
                "E14": 0,
                "E13": 0,
                "E12": 0,
                "E11": 0,
                "E10": 0,
                "E9": 0,
                "E8": 0,
                "E7": 0,
                "E6": 0,
                "E5": 0,
                "E4": 0,
                "E3": 0,
                "E2": 0,
                "E1": 0,
                "E0": 5,
                "E-1": 9,
                "E-2": 9,
                "E-3": 0,
                "E-4": 0,
                "E-5": 0,
                "E-6": 0,
                "E-7": 0,
                "E-8": 0
            },
            "max_decimal": 0,
            "min_decimal": -2,
            "min": 0.04,
            "max": 5.51,
            "argn_processor": "tgt",
            "argn_table": "t77",
            "argn_column": "c77"
        },
        "bubble": {
            "encoding_type": "TABULAR_NUMERIC_DISCRETE",
            "cardinalities": {
                "cat": 3
            },
            "codes": {
                "_RARE_": 0,
                "0": 1,
                "1": 2
            },
            "min_decimal": 0,
            "argn_processor": "tgt",
            "argn_table": "t78",
            "argn_column": "c78"
        },
        "cookie": {
            "value_protection": true,
            "encoding_type": "TABULAR_CATEGORICAL",
            "no_of_rare_categories": 0,
            "codes": {
                "_RARE_": 0,
                "C0": 1,
                "C1": 2,
                "C10": 3,
                "C11": 4,
                "C12": 5,
                "C13": 6,
                "C14": 7,
                "C15": 8,
                "C16": 9,
                "C17": 10,
                "C18": 11,
                "C19": 12,
                "C2": 13,
                "C3": 14,
                "C4": 15,
                "C5": 16,
                "C6": 17,
                "C7": 18,
                "C8": 19,
                "C9": 20
            },
            "cardinalities": {
                "cat": 21
            },
            "argn_processor": "tgt",
            "argn_table": "t79",
            "argn_column": "c79"
        }
    },
    "no_of_training_records": 79932,
    "no_of_validation_records": 20068,
    "seq_len": {
        "min": 1,
        "max": 1,
        "median": 1,
        "value_protection": true
    },
    "is_sequential": false,
    "keys": {},
    "value_protection_epsilon_spent": null
}