{
  "id": "a9378a4f-599b-454f-8732-fba375036e84",
  "name": null,
  "description": null,
  "trainingStatus": "DONE",
  "trainingTime": null,
  "usage": null,
  "metadata": null,
  "accuracy": 0.9481677,
  "tables": [
    {
      "id": "cefe66a1-39cc-4af7-9149-84dc485863e2",
      "sourceConnectorId": "5a2fce86-03be-4269-822a-2d89cb5d7403",
      "location": "/home/kle35/mostlyai/connectors/5a2fce86-03be-4269-822a-2d89cb5d7403/data.parquet",
      "name": "data",
      "primaryKey": null,
      "columns": [
        {
          "id": "0ba64bd6-8137-41a7-a174-e72d8d49a1b0",
          "name": "dog",
          "included": true,
          "modelEncodingType": "TABULAR_NUMERIC_DISCRETE",
          "valueRange": {
            "min": null,
            "max": null,
            "values": [
              "10",
              "11",
              "12",
              "13",
              "14",
              "15",
              "16",
              "17",
              "18",
              "19",
              "20",
              "21",
              "22",
              "23",
              "24",
              "25",
              "26",
              "27",
              "28",
              "29",
              "30",
              "31",
              "32",
              "33",
              "34",
              "35",
              "36",
              "37",
              "38",
              "39",
              "40",
              "41",
              "42",
              "43",
              "44",
              "45",
              "46",
              "47",
              "48",
              "49",
              "50",
              "51",
              "52",
              "53",
              "54",
              "55",
              "56",
              "57",
              "58",
              "59",
              "60",
              "61",
              "62",
              "63",
              "64",
              "65",
              "66",
              "67",
              "68",
              "69",
              "70",
              "71",
              "72",
              "73",
              "74",
              "75",
              "76",
              "77",
              "78",
              "79",
              "80",
              "81",
              "82",
              "83",
              "84",
              "85",
              "86",
              "87",
              "88",
              "89",
              "90"
            ],
            "has_null": false
          }
        },
        {
          "id": "f57004a8-7afb-4608-a2c4-02107df5e0c7",
          "name": "cat",
          "included": true,
          "modelEncodingType": "TABULAR_CATEGORICAL",
          "valueRange": {
            "min": null,
            "max": null,
            "values": [
              "027A",
              "0D45",
              "1520",
              "18FD",
              "19CE",
              "248B",
              "25CD",
              "39ED",
              "457A",
              "580C",
              "5A6C",
              "63D1",
              "66DA",
              "6C1C",
              "7202",
              "A10E",
              "A2FB",
              "A5DB",
              "A639",
              "A864",
              "ACAB",
              "B9DE",
              "BB39",
              "C09E",
              "C2D8",
              "C9CF",
              "D668",
              "E304",
              "F068"
            ],
            "has_null": false
          }
        },
        {
          "id": "74f2c15f-a4d8-4ff6-b571-6772d6645459",
          "name": "rabbit",
          "included": true,
          "modelEncodingType": "TABULAR_NUMERIC_DIGIT",
          "valueRange": {
            "min": null,
            "max": null,
            "values": null,
            "has_null": true
          }
        },
        {
          "id": "86f37e3c-6fbd-4fdf-839b-5450f3106568",
          "name": "deer",
          "included": true,
          "modelEncodingType": "TABULAR_NUMERIC_DIGIT",
          "valueRange": {
            "min": null,
            "max": null,
            "values": null,
            "has_null": false
          }
        },
        {
          "id": "dbbebd41-e3ab-4457-8812-48e935a07212",
          "name": "panda",
          "included": true,
          "modelEncodingType": "TABULAR_NUMERIC_DISCRETE",
          "valueRange": {
            "min": null,
            "max": null,
            "values": [
              "-6",
              "-5",
              "-4",
              "-3",
              "-2",
              "-1",
              "0"
            ],
            "has_null": false
          }
        },
        {
          "id": "9ddbb9bc-78fa-4d3e-b0ec-a7c58f22759e",
          "name": "koala",
          "included": true,
          "modelEncodingType": "TABULAR_CATEGORICAL",
          "valueRange": {
            "min": null,
            "max": null,
            "values": [
              "T0",
              "T1",
              "T2",
              "T3"
            ],
            "has_null": false
          }
        },
        {
          "id": "832cf899-4302-4207-bf3e-4c0bda593495",
          "name": "otter",
          "included": true,
          "modelEncodingType": "TABULAR_CATEGORICAL",
          "valueRange": {
            "min": null,
            "max": null,
            "values": [
              "027A",
              "B9DE",
              "C09E"
            ],
            "has_null": false
          }
        },
        {
          "id": "8a821659-d542-4aef-84de-40b0e5cd46e8",
          "name": "hedgehog",
          "included": true,
          "modelEncodingType": "TABULAR_NUMERIC_DIGIT",
          "valueRange": {
            "min": null,
            "max": null,
            "values": null,
            "has_null": false
          }
        },
        {
          "id": "72be83f8-164e-4ab7-b405-f0e83a70effe",
          "name": "squirrel",
          "included": true,
          "modelEncodingType": "TABULAR_NUMERIC_DISCRETE",
          "valueRange": {
            "min": null,
            "max": null,
            "values": [
              "0",
              "1"
            ],
            "has_null": false
          }
        },
        {
          "id": "50f0d8ee-6aba-417f-b7da-0018a62d875a",
          "name": "dolphin",
          "included": true,
          "modelEncodingType": "TABULAR_NUMERIC_DISCRETE",
          "valueRange": {
            "min": null,
            "max": null,
            "values": [
              "0",
              "1"
            ],
            "has_null": false
          }
        },
        {
          "id": "9d7ab397-4e44-4580-9aa4-8387705ee9cb",
          "name": "penguin",
          "included": true,
          "modelEncodingType": "TABULAR_NUMERIC_DISCRETE",
          "valueRange": {
            "min": null,
            "max": null,
            "values": [
              "10",
              "20"
            ],
            "has_null": false
          }
        },
        {
          "id": "23b87c2d-b131-4909-9ef7-ee2221d469c7",
          "name": "turtle",
          "included": true,
          "modelEncodingType": "TABULAR_NUMERIC_DISCRETE",
          "valueRange": {
            "min": null,
            "max": null,
            "values": [
              "0.0",
              "1.9",
              "2.0",
              "2.1",
              "2.2",
              "2.3",
              "2.4",
              "2.5",
              "2.6",
              "2.7",
              "2.8",
              "2.9",
              "3.0",
              "3.1",
              "3.2",
              "3.3",
              "3.4",
              "3.5",
              "3.6",
              "3.7",
              "3.8",
              "3.9",
              "4.0",
              "4.1",
              "4.2",
              "4.3",
              "4.4",
              "4.5",
              "4.6",
              "4.7",
              "4.8",
              "4.9",
              "5.0",
              "5.1",
              "5.2",
              "5.3",
              "5.4",
              "5.5",
              "5.6",
              "5.7",
              "5.8",
              "5.9",
              "6.0",
              "6.1",
              "6.2",
              "6.3",
              "6.4",
              "6.5",
              "6.6",
              "6.7",
              "6.8",
              "6.9",
              "7.0",
              "7.1",
              "7.2",
              "7.3",
              "7.4",
              "7.5",
              "7.6",
              "7.7",
              "7.8",
              "7.9"
            ],
            "has_null": false
          }
        },
        {
          "id": "725daabf-c6ec-40c7-8a28-499a5ff0b194",
          "name": "elephant",
          "included": true,
          "modelEncodingType": "TABULAR_NUMERIC_DISCRETE",
          "valueRange": {
            "min": null,
            "max": null,
            "values": [
              "1",
              "2",
              "3",
              "4",
              "5",
              "6",
              "7",
              "8",
              "9",
              "10",
              "11",
              "12",
              "13",
              "14",
              "15",
              "16",
              "17",
              "18",
              "19",
              "20",
              "21",
              "22",
              "23",
              "24",
              "25",
              "26",
              "27",
              "28",
              "29"
            ],
            "has_null": false
          }
        },
        {
          "id": "974249c4-8ed9-48b6-8bf1-c5deae712a85",
          "name": "giraffe",
          "included": true,
          "modelEncodingType": "TABULAR_CATEGORICAL",
          "valueRange": {
            "min": null,
            "max": null,
            "values": [
              "n",
              "y"
            ],
            "has_null": false
          }
        },
        {
          "id": "2576e3a1-8d3b-4d47-9a60-f9f87334a981",
          "name": "lamb",
          "included": true,
          "modelEncodingType": "TABULAR_NUMERIC_DISCRETE",
          "valueRange": {
            "min": null,
            "max": null,
            "values": [
              "0",
              "5"
            ],
            "has_null": false
          }
        },
        {
          "id": "8d1c4a6f-64b8-4d64-99f6-d6580df14aef",
          "name": "goat",
          "included": true,
          "modelEncodingType": "TABULAR_CATEGORICAL",
          "valueRange": {
            "min": null,
            "max": null,
            "values": [
              "027A",
              "B9DE"
            ],
            "has_null": false
          }
        },
        {
          "id": "3907987b-3d4b-480e-bade-6de3954225d7",
          "name": "cow",
          "included": true,
          "modelEncodingType": "TABULAR_NUMERIC_DISCRETE",
          "valueRange": {
            "min": null,
            "max": null,
            "values": [
              "0.43",
              "0.44",
              "0.45",
              "0.46",
              "0.47",
              "0.48",
              "0.49",
              "0.5",
              "0.51",
              "0.52",
              "0.53",
              "0.54",
              "0.55",
              "0.56",
              "0.57",
              "0.58",
              "0.59",
              "0.6",
              "0.61",
              "0.62",
              "0.63",
              "0.64",
              "0.65",
              "0.66",
              "0.67",
              "0.68",
              "0.69",
              "0.7",
              "0.71",
              "0.72",
              "0.73",
              "0.74",
              "0.75",
              "0.76",
              "0.77",
              "0.78",
              "0.79",
              "0.8",
              "0.81",
              "0.82",
              "0.83",
              "0.84",
              "0.85",
              "0.86",
              "0.87",
              "0.88",
              "0.89",
              "0.9",
              "0.91",
              "0.92",
              "0.93",
              "0.94",
              "0.95",
              "0.96",
              "0.97",
              "0.98",
              "0.99",
              "1.0",
              "1.01",
              "1.02",
              "1.03",
              "1.04",
              "1.05",
              "1.06",
              "1.07",
              "1.08",
              "1.09",
              "1.1",
              "1.11",
              "1.12",
              "1.13",
              "1.14",
              "1.15",
              "1.16",
              "1.17",
              "1.18",
              "1.19",
              "1.2",
              "1.21",
              "1.22",
              "1.23",
              "1.24",
              "1.25"
            ],
            "has_null": true
          }
        },
        {
          "id": "253b5c03-b603-4bf8-a75c-4d4b6b7ed917",
          "name": "horse",
          "included": true,
          "modelEncodingType": "TABULAR_NUMERIC_DISCRETE",
          "valueRange": {
            "min": null,
            "max": null,
            "values": [
              "1",
              "2",
              "3",
              "4",
              "5",
              "6",
              "7",
              "8",
              "9",
              "10",
              "11",
              "12",
              "13",
              "14",
              "15",
              "16",
              "17",
              "18",
              "19",
              "20",
              "21",
              "22",
              "23",
              "24",
              "25",
              "26",
              "27",
              "28"
            ],
            "has_null": false
          }
        },
        {
          "id": "445c5503-9b13-4ee9-9d20-04868ac0ce03",
          "name": "donkey",
          "included": true,
          "modelEncodingType": "TABULAR_CATEGORICAL",
          "valueRange": {
            "min": null,
            "max": null,
            "values": [
              "X0",
              "X1",
              "X2",
              "X3",
              "X4",
              "X5",
              "X6",
              "X7",
              "X8"
            ],
            "has_null": false
          }
        },
        {
          "id": "51766dce-158e-4bfe-b723-13c453120cc6",
          "name": "pony",
          "included": true,
          "modelEncodingType": "TABULAR_CATEGORICAL",
          "valueRange": {
            "min": null,
            "max": null,
            "values": [
              "5",
              "M"
            ],
            "has_null": false
          }
        },
        {
          "id": "c22e98e7-5cf3-42a8-93b5-efe2b96936d6",
          "name": "llama",
          "included": true,
          "modelEncodingType": "TABULAR_CATEGORICAL",
          "valueRange": {
            "min": null,
            "max": null,
            "values": [
              "027A",
              "B9DE"
            ],
            "has_null": false
          }
        },
        {
          "id": "71fc1fcb-83c4-48fb-968b-9aca65d06151",
          "name": "mouse",
          "included": true,
          "modelEncodingType": "TABULAR_NUMERIC_DIGIT",
          "valueRange": {
            "min": null,
            "max": null,
            "values": null,
            "has_null": false
          }
        },
        {
          "id": "84d2f2e1-658c-4914-9ac0-70b68fcb94ec",
          "name": "hamster",
          "included": true,
          "modelEncodingType": "TABULAR_CATEGORICAL",
          "valueRange": {
            "min": null,
            "max": null,
            "values": [
              "D0",
              "D1",
              "D10",
              "D11",
              "D2",
              "D3",
              "D4",
              "D5",
              "D6",
              "D7",
              "D8",
              "D9"
            ],
            "has_null": false
          }
        },
        {
          "id": "8a7dffb0-2975-408d-adc2-38f217574a5b",
          "name": "guinea",
          "included": true,
          "modelEncodingType": "TABULAR_NUMERIC_DIGIT",
          "valueRange": {
            "min": null,
            "max": null,
            "values": null,
            "has_null": false
          }
        },
        {
          "id": "73e6a638-7cc9-45fe-ba42-3adc759ae720",
          "name": "duck",
          "included": true,
          "modelEncodingType": "TABULAR_CATEGORICAL",
          "valueRange": {
            "min": null,
            "max": null,
            "values": [
              "027A",
              "0D45",
              "1520",
              "19CE",
              "248B",
              "457A",
              "5A6C",
              "66DA",
              "6C1C",
              "A2FB",
              "B9DE",
              "BB39",
              "C09E",
              "C9CF"
            ],
            "has_null": false
          }
        },
        {
          "id": "b431c018-01d8-49c6-acb9-3e82e5a3df80",
          "name": "chicken",
          "included": true,
          "modelEncodingType": "TABULAR_NUMERIC_DISCRETE",
          "valueRange": {
            "min": null,
            "max": null,
            "values": [
              "1.7",
              "1.9",
              "2.0",
              "2.1",
              "2.2",
              "2.3",
              "2.4",
              "2.5",
              "2.6",
              "2.7",
              "2.8",
              "2.9",
              "3.0",
              "3.1",
              "3.2",
              "3.3",
              "3.4",
              "3.5",
              "3.6",
              "3.7",
              "3.8",
              "3.9",
              "4.0",
              "4.1",
              "4.2",
              "4.3",
              "4.4",
              "4.5",
              "4.6",
              "4.7",
              "4.8",
              "4.9",
              "5.0",
              "5.1",
              "5.2",
              "5.3",
              "5.4",
              "5.5",
              "5.6",
              "5.7",
              "5.8",
              "5.9",
              "6.0",
              "6.1",
              "6.2",
              "6.3",
              "6.4",
              "6.5",
              "6.6",
              "6.7",
              "6.8",
              "6.9",
              "7.0",
              "7.1",
              "7.2",
              "7.3",
              "7.4",
              "7.5",
              "7.6",
              "7.7",
              "7.8",
              "7.9",
              "8.0",
              "8.1",
              "8.2",
              "8.3",
              "8.4",
              "8.5",
              "8.6",
              "8.7",
              "8.8",
              "8.9",
              "9.0",
              "9.1",
              "9.2",
              "9.3",
              "9.4",
              "9.5",
              "9.6",
              "9.7",
              "9.8",
              "9.9",
              "10.0",
              "10.1",
              "10.2"
            ],
            "has_null": false
          }
        },
        {
          "id": "0840a92b-3502-4fad-b764-f031896e2734",
          "name": "sparrow",
          "included": true,
          "modelEncodingType": "TABULAR_NUMERIC_DISCRETE",
          "valueRange": {
            "min": null,
            "max": null,
            "values": [
              "0",
              "120"
            ],
            "has_null": false
          }
        },
        {
          "id": "4c88d278-9908-4247-96b7-86740a8721b4",
          "name": "parrot",
          "included": true,
          "modelEncodingType": "TABULAR_NUMERIC_DIGIT",
          "valueRange": {
            "min": null,
            "max": null,
            "values": null,
            "has_null": false
          }
        },
        {
          "id": "1cb5244c-e5d0-4943-9a6e-45c50d85b2f6",
          "name": "finch",
          "included": true,
          "modelEncodingType": "TABULAR_NUMERIC_DISCRETE",
          "valueRange": {
            "min": null,
            "max": null,
            "values": [
              "0",
              "1"
            ],
            "has_null": false
          }
        },
        {
          "id": "e66c1b50-7b87-473d-b536-01ed54970870",
          "name": "canary",
          "included": true,
          "modelEncodingType": "TABULAR_NUMERIC_DIGIT",
          "valueRange": {
            "min": null,
            "max": null,
            "values": null,
            "has_null": false
          }
        },
        {
          "id": "f9b865e8-612a-4614-9ec2-10150ce8ff92",
          "name": "bee",
          "included": true,
          "modelEncodingType": "TABULAR_NUMERIC_DISCRETE",
          "valueRange": {
            "min": null,
            "max": null,
            "values": [
              "10.5",
              "10.6",
              "10.7",
              "10.8",
              "10.9",
              "11.0",
              "11.1",
              "11.2",
              "11.3",
              "11.4",
              "11.5",
              "11.6",
              "11.7",
              "11.8",
              "11.9"
            ],
            "has_null": false
          }
        },
        {
          "id": "fe72301e-0608-47ca-8b2e-3413e559ba86",
          "name": "butterfly",
          "included": true,
          "modelEncodingType": "TABULAR_CATEGORICAL",
          "valueRange": {
            "min": null,
            "max": null,
            "values": [
              "027A",
              "0571",
              "0BD7",
              "0D45",
              "1520",
              "18FD",
              "19CE",
              "248B",
              "25CD",
              "2A4C",
              "2C78",
              "30AE",
              "391C",
              "39ED",
              "40E4",
              "457A",
              "580C",
              "5A6C",
              "5EB2",
              "633B",
              "63D1",
              "663D",
              "66DA",
              "6C1C",
              "7202",
              "74A6",
              "83C1",
              "9745",
              "9AB6",
              "A10E",
              "A261",
              "A28E",
              "A2FB",
              "A5DB",
              "A639",
              "A864",
              "ACAB",
              "AFB3",
              "B385",
              "B606",
              "B9DE",
              "BB39",
              "BF7F",
              "C09E",
              "C2D8",
              "C9CF",
              "CDAE",
              "D009",
              "D0A5",
              "D668",
              "D704",
              "DC98",
              "E304",
              "E7E0",
              "F068",
              "FBBD"
            ],
            "has_null": false
          }
        },
        {
          "id": "5d87cdcb-dac9-4e50-b942-08da17029984",
          "name": "ladybug",
          "included": true,
          "modelEncodingType": "TABULAR_NUMERIC_DISCRETE",
          "valueRange": {
            "min": null,
            "max": null,
            "values": [
              "0",
              "1",
              "2",
              "3",
              "4",
              "5",
              "6",
              "7",
              "8",
              "9",
              "10",
              "11",
              "12",
              "13",
              "14",
              "15",
              "16",
              "17",
              "18",
              "19",
              "20",
              "21",
              "22",
              "23",
              "24",
              "25",
              "26",
              "27",
              "28",
              "29",
              "30",
              "31",
              "32",
              "33",
              "34",
              "35",
              "36",
              "37",
              "38",
              "39",
              "40",
              "41",
              "42",
              "43",
              "44",
              "45",
              "46",
              "47",
              "48",
              "49",
              "50",
              "51",
              "52",
              "53",
              "54",
              "55",
              "56",
              "57",
              "58",
              "59",
              "60",
              "61",
              "62",
              "63",
              "64",
              "65",
              "66",
              "67",
              "68",
              "69",
              "70"
            ],
            "has_null": false
          }
        },
        {
          "id": "72b75947-e2c9-46c3-bd45-ec9da847cd3b",
          "name": "snail",
          "included": true,
          "modelEncodingType": "TABULAR_NUMERIC_BINNED",
          "valueRange": {
            "min": "0.602",
            "max": "1.96",
            "values": null,
            "has_null": false
          }
        },
        {
          "id": "08fa9251-507a-4550-ae9b-8ae6df7d72ee",
          "name": "frog",
          "included": true,
          "modelEncodingType": "TABULAR_NUMERIC_DIGIT",
          "valueRange": {
            "min": null,
            "max": null,
            "values": null,
            "has_null": false
          }
        },
        {
          "id": "9e217018-1240-47fc-988f-182a60bafb6c",
          "name": "cricket",
          "included": true,
          "modelEncodingType": "TABULAR_NUMERIC_DISCRETE",
          "valueRange": {
            "min": null,
            "max": null,
            "values": [
              "0",
              "1",
              "2",
              "3",
              "4",
              "5"
            ],
            "has_null": false
          }
        },
        {
          "id": "1c1a9e48-44e9-4646-8d46-67dbee613d04",
          "name": "tamarin",
          "included": true,
          "modelEncodingType": "TABULAR_CATEGORICAL",
          "valueRange": {
            "min": null,
            "max": null,
            "values": [
              "Y0",
              "Y1",
              "Y2",
              "Y3",
              "Y4",
              "Y5",
              "Y6"
            ],
            "has_null": false
          }
        },
        {
          "id": "b2e663a9-c67d-4ffb-ad6e-6403cebe2575",
          "name": "wallaby",
          "included": true,
          "modelEncodingType": "TABULAR_CATEGORICAL",
          "valueRange": {
            "min": null,
            "max": null,
            "values": [
              "027A",
              "0D45",
              "19CE",
              "5A6C",
              "B9DE",
              "C09E"
            ],
            "has_null": false
          }
        },
        {
          "id": "b3dafc4e-a5f3-4380-82f8-79a78723783e",
          "name": "wombat",
          "included": true,
          "modelEncodingType": "TABULAR_NUMERIC_DIGIT",
          "valueRange": {
            "min": null,
            "max": null,
            "values": null,
            "has_null": false
          }
        },
        {
          "id": "0801ad70-233c-42a2-b2f1-a0564d3686fa",
          "name": "zebra",
          "included": true,
          "modelEncodingType": "TABULAR_NUMERIC_DISCRETE",
          "valueRange": {
            "min": null,
            "max": null,
            "values": [
              "0",
              "1"
            ],
            "has_null": false
          }
        },
        {
          "id": "92ccf798-6224-4d8f-9e0e-a806768017ab",
          "name": "flamingo",
          "included": true,
          "modelEncodingType": "TABULAR_NUMERIC_DISCRETE",
          "valueRange": {
            "min": null,
            "max": null,
            "values": [
              "0.05",
              "0.06",
              "0.07",
              "0.08",
              "0.09",
              "0.1",
              "0.11",
              "0.12",
              "0.13",
              "0.14",
              "0.15",
              "0.16",
              "0.17",
              "0.18",
              "0.19",
              "0.2",
              "0.21",
              "0.22",
              "0.23",
              "0.24",
              "0.25"
            ],
            "has_null": false
          }
        },
        {
          "id": "99500d3f-8b8a-4766-a009-11f9e88fe1f7",
          "name": "peacock",
          "included": true,
          "modelEncodingType": "TABULAR_NUMERIC_DISCRETE",
          "valueRange": {
            "min": null,
            "max": null,
            "values": [
              "0",
              "1"
            ],
            "has_null": false
          }
        },
        {
          "id": "3fbcc26f-29ee-49f4-8bc6-91e77dbdc3b8",
          "name": "bat",
          "included": true,
          "modelEncodingType": "TABULAR_NUMERIC_DISCRETE",
          "valueRange": {
            "min": null,
            "max": null,
            "values": [
              "0",
              "1"
            ],
            "has_null": false
          }
        },
        {
          "id": "c1ae997f-fc8b-4d2f-87c0-dc2977fc7f9f",
          "name": "fox",
          "included": true,
          "modelEncodingType": "TABULAR_NUMERIC_DISCRETE",
          "valueRange": {
            "min": null,
            "max": null,
            "values": [
              "3",
              "4",
              "5",
              "6"
            ],
            "has_null": false
          }
        },
        {
          "id": "545fb1c2-7675-498c-a746-9fea6df36691",
          "name": "beaver",
          "included": true,
          "modelEncodingType": "TABULAR_NUMERIC_DISCRETE",
          "valueRange": {
            "min": null,
            "max": null,
            "values": [
              "-2",
              "-1",
              "0",
              "1"
            ],
            "has_null": false
          }
        },
        {
          "id": "378e3c75-8915-4152-89fd-d7000842ecd9",
          "name": "monkey",
          "included": true,
          "modelEncodingType": "TABULAR_CATEGORICAL",
          "valueRange": {
            "min": null,
            "max": null,
            "values": [
              "Z0",
              "Z1",
              "Z2",
              "Z3"
            ],
            "has_null": false
          }
        },
        {
          "id": "4c853b69-de17-4e3b-8083-aeee31e3671c",
          "name": "seal",
          "included": true,
          "modelEncodingType": "TABULAR_NUMERIC_DISCRETE",
          "valueRange": {
            "min": null,
            "max": null,
            "values": [
              "5.2",
              "5.7",
              "6.2",
              "6.7",
              "7.2",
              "7.7",
              "8.2",
              "8.7",
              "9.2",
              "9.7",
              "10.2",
              "10.7",
              "11.2",
              "11.7",
              "12.2",
              "12.7",
              "13.2",
              "13.7",
              "14.2",
              "14.7",
              "15.2",
              "15.7",
              "16.2",
              "16.7",
              "17.2",
              "17.7",
              "18.2",
              "18.7",
              "19.2",
              "19.7",
              "20.2",
              "20.7",
              "21.2",
              "21.7",
              "22.2",
              "22.7",
              "23.2",
              "23.7",
              "24.2",
              "24.7",
              "25.2",
              "25.7",
              "26.2",
              "26.7",
              "27.2",
              "27.7",
              "28.2",
              "28.7",
              "29.2",
              "29.7",
              "30.2",
              "30.7",
              "31.2",
              "31.7",
              "32.2",
              "32.7",
              "33.2",
              "33.7",
              "34.2",
              "34.7",
              "35.2",
              "35.7",
              "36.2",
              "36.7",
              "37.2",
              "37.7"
            ],
            "has_null": false
          }
        },
        {
          "id": "7216e7b8-dab5-4587-913b-ba22e3b0761d",
          "name": "robin",
          "included": true,
          "modelEncodingType": "TABULAR_NUMERIC_DISCRETE",
          "valueRange": {
            "min": null,
            "max": null,
            "values": [
              "0",
              "1"
            ],
            "has_null": false
          }
        },
        {
          "id": "27eccb01-f1cb-461c-80a4-411548cc02f0",
          "name": "loon",
          "included": true,
          "modelEncodingType": "TABULAR_NUMERIC_DIGIT",
          "valueRange": {
            "min": null,
            "max": null,
            "values": null,
            "has_null": true
          }
        },
        {
          "id": "4aefa2a5-2ba9-47de-b1ae-d43ea044bc79",
          "name": "swan",
          "included": true,
          "modelEncodingType": "TABULAR_NUMERIC_DISCRETE",
          "valueRange": {
            "min": null,
            "max": null,
            "values": [
              "2",
              "3",
              "4"
            ],
            "has_null": false
          }
        },
        {
          "id": "50d2c106-5fc5-4374-ba93-e73df2bf502c",
          "name": "goldfish",
          "included": true,
          "modelEncodingType": "TABULAR_NUMERIC_DIGIT",
          "valueRange": {
            "min": null,
            "max": null,
            "values": null,
            "has_null": false
          }
        },
        {
          "id": "cfe77338-0f53-4899-b983-bd28c53aeb22",
          "name": "minnow",
          "included": true,
          "modelEncodingType": "TABULAR_NUMERIC_DISCRETE",
          "valueRange": {
            "min": null,
            "max": null,
            "values": [
              "0",
              "1"
            ],
            "has_null": false
          }
        },
        {
          "id": "27c7fd81-2e4b-4752-9a2e-26d12534eae9",
          "name": "mole",
          "included": true,
          "modelEncodingType": "TABULAR_NUMERIC_DISCRETE",
          "valueRange": {
            "min": null,
            "max": null,
            "values": [
              "0",
              "1"
            ],
            "has_null": false
          }
        },
        {
          "id": "53dda61c-72a5-4914-b511-e08fa841c029",
          "name": "shrew",
          "included": true,
          "modelEncodingType": "TABULAR_NUMERIC_BINNED",
          "valueRange": {
            "min": "-10.0",
            "max": "1.7599999999999998",
            "values": null,
            "has_null": false
          }
        },
        {
          "id": "67f934c7-a990-4b35-a507-2571abd524cc",
          "name": "puffin",
          "included": true,
          "modelEncodingType": "TABULAR_NUMERIC_DIGIT",
          "valueRange": {
            "min": null,
            "max": null,
            "values": null,
            "has_null": false
          }
        },
        {
          "id": "4f972e8a-8bc2-4dd0-8ffa-9f9e40159e8e",
          "name": "owl",
          "included": true,
          "modelEncodingType": "TABULAR_NUMERIC_DISCRETE",
          "valueRange": {
            "min": null,
            "max": null,
            "values": [
              "0",
              "1"
            ],
            "has_null": false
          }
        },
        {
          "id": "d4118711-de13-4311-912f-b05bd6fb3498",
          "name": "bunny",
          "included": true,
          "modelEncodingType": "TABULAR_NUMERIC_DISCRETE",
          "valueRange": {
            "min": null,
            "max": null,
            "values": [
              "2",
              "3",
              "4"
            ],
            "has_null": false
          }
        },
        {
          "id": "6c139960-5a67-4322-8696-5b3dae182c01",
          "name": "bear",
          "included": true,
          "modelEncodingType": "TABULAR_NUMERIC_DISCRETE",
          "valueRange": {
            "min": null,
            "max": null,
            "values": [
              "1.4",
              "1.5",
              "1.6",
              "1.7",
              "1.8",
              "1.9",
              "2.0",
              "2.1",
              "2.2",
              "2.3",
              "2.4"
            ],
            "has_null": false
          }
        },
        {
          "id": "bae11e81-360a-4d62-982e-cf1e1f75bd09",
          "name": "chipmunk",
          "included": true,
          "modelEncodingType": "TABULAR_CATEGORICAL",
          "valueRange": {
            "min": null,
            "max": null,
            "values": [
              "027A",
              "5A6C",
              "B9DE",
              "C09E"
            ],
            "has_null": false
          }
        },
        {
          "id": "5825baa4-f8a6-4312-b1b8-7015b396d753",
          "name": "cub",
          "included": true,
          "modelEncodingType": "TABULAR_NUMERIC_DIGIT",
          "valueRange": {
            "min": null,
            "max": null,
            "values": null,
            "has_null": false
          }
        },
        {
          "id": "5d57d881-11d7-49b8-a9a7-8166437d98fc",
          "name": "acorn",
          "included": true,
          "modelEncodingType": "TABULAR_NUMERIC_DIGIT",
          "valueRange": {
            "min": null,
            "max": null,
            "values": null,
            "has_null": false
          }
        },
        {
          "id": "63fe09e5-2199-4db1-a96a-dc981f582658",
          "name": "leaf",
          "included": true,
          "modelEncodingType": "TABULAR_CATEGORICAL",
          "valueRange": {
            "min": null,
            "max": null,
            "values": [
              "027A",
              "B9DE",
              "C09E"
            ],
            "has_null": false
          }
        },
        {
          "id": "99c9708e-8530-49a6-8f38-08ba3d7225d2",
          "name": "cloud",
          "included": true,
          "modelEncodingType": "TABULAR_NUMERIC_DISCRETE",
          "valueRange": {
            "min": null,
            "max": null,
            "values": [
              "-10.0",
              "-9.0",
              "-8.0",
              "-7.0",
              "-6.0",
              "-5.0",
              "-4.0",
              "-3.0",
              "-2.0",
              "-1.0",
              "0.0",
              "1.0",
              "2.0",
              "3.0",
              "4.0",
              "5.0",
              "6.0",
              "7.0",
              "8.0",
              "9.0",
              "10.0"
            ],
            "has_null": true
          }
        },
        {
          "id": "5e91afc7-d395-4414-98a8-aa0f50366cb9",
          "name": "rainbow",
          "included": true,
          "modelEncodingType": "TABULAR_NUMERIC_DISCRETE",
          "valueRange": {
            "min": null,
            "max": null,
            "values": [
              "0.6",
              "0.7",
              "0.8",
              "0.9",
              "1.0",
              "1.1",
              "1.2",
              "1.3",
              "1.4",
              "1.5",
              "1.6",
              "1.7",
              "1.8",
              "1.9",
              "2.0",
              "2.1",
              "2.2",
              "2.3",
              "2.4",
              "2.5",
              "2.6",
              "2.7",
              "2.8",
              "2.9",
              "3.0",
              "3.1",
              "3.2",
              "3.3",
              "3.4",
              "3.5",
              "3.6",
              "3.7",
              "3.8",
              "3.9",
              "4.0",
              "4.1",
              "4.2",
              "4.3",
              "4.4",
              "4.5",
              "4.6",
              "4.7",
              "4.8",
              "4.9",
              "5.0",
              "5.1"
            ],
            "has_null": false
          }
        },
        {
          "id": "df5b5781-33be-4f0b-a838-976e0ec43050",
          "name": "puddle",
          "included": true,
          "modelEncodingType": "TABULAR_NUMERIC_DISCRETE",
          "valueRange": {
            "min": null,
            "max": null,
            "values": [
              "1",
              "2",
              "3"
            ],
            "has_null": false
          }
        },
        {
          "id": "e2dd7d16-9333-4dab-80b6-57a1617676da",
          "name": "berry",
          "included": true,
          "modelEncodingType": "TABULAR_NUMERIC_DIGIT",
          "valueRange": {
            "min": null,
            "max": null,
            "values": null,
            "has_null": false
          }
        },
        {
          "id": "5d724172-2bb4-43e7-8121-345918f92f76",
          "name": "apple",
          "included": true,
          "modelEncodingType": "TABULAR_NUMERIC_DISCRETE",
          "valueRange": {
            "min": null,
            "max": null,
            "values": [
              "-51",
              "-50",
              "-49",
              "-48",
              "-47",
              "-46",
              "-45",
              "-44",
              "-43",
              "-42",
              "-41",
              "-40",
              "-39",
              "-38",
              "-37",
              "-36",
              "-35",
              "-34",
              "-33",
              "-32",
              "-31",
              "-30",
              "-29",
              "-28",
              "-27",
              "-26",
              "-25",
              "-24",
              "-23",
              "-22",
              "-21",
              "-20",
              "-19",
              "-18",
              "-17",
              "-16",
              "-15",
              "-14",
              "-13",
              "-12",
              "-11",
              "-10",
              "-9",
              "-8",
              "-7",
              "-6",
              "-5",
              "-4",
              "-3",
              "-2",
              "-1",
              "0",
              "1",
              "2",
              "3",
              "4",
              "5",
              "6",
              "7",
              "8",
              "9",
              "10",
              "11",
              "12",
              "13",
              "14",
              "15",
              "16",
              "17",
              "18",
              "19",
              "20",
              "21",
              "22",
              "23",
              "24",
              "25",
              "26",
              "27",
              "28",
              "29",
              "30",
              "31",
              "32",
              "33",
              "34",
              "35",
              "36",
              "37",
              "38",
              "39",
              "40",
              "41",
              "42",
              "43"
            ],
            "has_null": false
          }
        },
        {
          "id": "516c52fe-d482-4485-962e-a6403c92a64f",
          "name": "honey",
          "included": true,
          "modelEncodingType": "TABULAR_NUMERIC_DISCRETE",
          "valueRange": {
            "min": null,
            "max": null,
            "values": [
              "3",
              "4",
              "5",
              "6"
            ],
            "has_null": false
          }
        },
        {
          "id": "29d7e46b-3075-41ad-adfe-b1b9033c8834",
          "name": "pumpkin",
          "included": true,
          "modelEncodingType": "TABULAR_NUMERIC_DIGIT",
          "valueRange": {
            "min": null,
            "max": null,
            "values": null,
            "has_null": false
          }
        },
        {
          "id": "38ca7dfd-86c5-4370-b1c8-f05fa211a037",
          "name": "teddy",
          "included": true,
          "modelEncodingType": "TABULAR_CATEGORICAL",
          "valueRange": {
            "min": null,
            "max": null,
            "values": [
              "0128",
              "027A",
              "0571",
              "0BD7",
              "0D45",
              "1520",
              "18A4",
              "18FD",
              "1912",
              "19CE",
              "1E3A",
              "248B",
              "25CD",
              "291E",
              "2A4C",
              "2C78",
              "2DF5",
              "30AE",
              "391C",
              "39ED",
              "40E4",
              "44F9",
              "457A",
              "580C",
              "5A6C",
              "5EB2",
              "633B",
              "63D1",
              "6573",
              "663D",
              "66DA",
              "67FB",
              "6987",
              "6C1C",
              "71A9",
              "7202",
              "74A6",
              "74AF",
              "7733",
              "788E",
              "7DD5",
              "7DF0",
              "83C1",
              "85C4",
              "9462",
              "9745",
              "9839",
              "9AB6",
              "9FCC",
              "A10E",
              "A1F7",
              "A22E",
              "A261",
              "A28E",
              "A2FB",
              "A4AE",
              "A5DB",
              "A620",
              "A639",
              "A864",
              "ACAB",
              "AFB3",
              "B17E",
              "B385",
              "B606",
              "B9DE",
              "BB39",
              "BF7F",
              "C09E",
              "C2D8",
              "C9CF",
              "CBAE",
              "CDAE",
              "D009",
              "D0A5",
              "D267",
              "D2DC",
              "D668",
              "D704",
              "DC98",
              "E05B",
              "E304",
              "E7E0",
              "EB3D",
              "F068",
              "F3D6",
              "F9E7",
              "FB50",
              "FB94",
              "FBBD"
            ],
            "has_null": false
          }
        },
        {
          "id": "c5cbdf7b-c771-4cc1-9720-e935fcffc26e",
          "name": "blanket",
          "included": true,
          "modelEncodingType": "TABULAR_CATEGORICAL",
          "valueRange": {
            "min": null,
            "max": null,
            "values": [
              "A0",
              "A1",
              "A2",
              "A3",
              "A4",
              "A5",
              "A6",
              "A7",
              "A8",
              "A9"
            ],
            "has_null": false
          }
        },
        {
          "id": "608ad19e-2426-48dc-9f92-3aaa9bffba98",
          "name": "button",
          "included": true,
          "modelEncodingType": "TABULAR_NUMERIC_DISCRETE",
          "valueRange": {
            "min": null,
            "max": null,
            "values": [
              "-37",
              "-36",
              "-35",
              "-34",
              "-33",
              "-32",
              "-31",
              "-30",
              "-29",
              "-28",
              "-27",
              "-26",
              "-25",
              "-24",
              "-23",
              "-22",
              "-21",
              "-20",
              "-19",
              "-18",
              "-17",
              "-16",
              "-15",
              "-14",
              "-13",
              "-12",
              "-11",
              "-10",
              "-9",
              "-8",
              "-7",
              "-6",
              "-5",
              "-4",
              "-3",
              "-2",
              "-1",
              "0",
              "1",
              "2",
              "3",
              "4",
              "5",
              "6",
              "7",
              "8",
              "9",
              "10",
              "11",
              "12",
              "13",
              "14",
              "15",
              "16",
              "17",
              "18",
              "19",
              "20",
              "21",
              "22",
              "23",
              "24",
              "25",
              "26",
              "27",
              "28",
              "29",
              "30",
              "31",
              "32",
              "33",
              "34",
              "35",
              "36",
              "37"
            ],
            "has_null": false
          }
        },
        {
          "id": "fa281ab7-eb82-4038-83bf-8e680b0d9b2d",
          "name": "whistle",
          "included": true,
          "modelEncodingType": "TABULAR_NUMERIC_DISCRETE",
          "valueRange": {
            "min": null,
            "max": null,
            "values": [
              "-2",
              "-1",
              "0",
              "1",
              "2",
              "3",
              "4",
              "5",
              "6",
              "7",
              "8",
              "9",
              "10",
              "11",
              "12",
              "13",
              "14"
            ],
            "has_null": false
          }
        },
        {
          "id": "14dfc705-c6db-4eed-9f34-9dce55f652e5",
          "name": "marble",
          "included": true,
          "modelEncodingType": "TABULAR_NUMERIC_DISCRETE",
          "valueRange": {
            "min": null,
            "max": null,
            "values": [
              "0",
              "1"
            ],
            "has_null": false
          }
        },
        {
          "id": "73f93a49-42d1-471a-a8b3-c0461a9fd1f8",
          "name": "wagon",
          "included": true,
          "modelEncodingType": "TABULAR_NUMERIC_DIGIT",
          "valueRange": {
            "min": null,
            "max": null,
            "values": null,
            "has_null": false
          }
        },
        {
          "id": "10e0d45e-d158-494c-932f-295ae0883b34",
          "name": "storybook",
          "included": true,
          "modelEncodingType": "TABULAR_NUMERIC_DIGIT",
          "valueRange": {
            "min": null,
            "max": null,
            "values": null,
            "has_null": false
          }
        },
        {
          "id": "6d58e64f-f42a-475a-b4f3-dd81485b899a",
          "name": "candle",
          "included": true,
          "modelEncodingType": "TABULAR_CATEGORICAL",
          "valueRange": {
            "min": null,
            "max": null,
            "values": [
              "B0",
              "B1",
              "B2",
              "B3",
              "B4"
            ],
            "has_null": false
          }
        },
        {
          "id": "44036969-fa6a-4e81-b497-0ed3d32c33b6",
          "name": "clover",
          "included": true,
          "modelEncodingType": "TABULAR_NUMERIC_DIGIT",
          "valueRange": {
            "min": null,
            "max": null,
            "values": null,
            "has_null": false
          }
        },
        {
          "id": "295fae1c-ad31-4903-a3f3-c86f4fdbc944",
          "name": "bubble",
          "included": true,
          "modelEncodingType": "TABULAR_NUMERIC_DISCRETE",
          "valueRange": {
            "min": null,
            "max": null,
            "values": [
              "0",
              "1"
            ],
            "has_null": false
          }
        },
        {
          "id": "b59d8cda-c815-42b5-9907-fa6f7f9c1633",
          "name": "cookie",
          "included": true,
          "modelEncodingType": "TABULAR_CATEGORICAL",
          "valueRange": {
            "min": null,
            "max": null,
            "values": [
              "C0",
              "C1",
              "C10",
              "C11",
              "C12",
              "C13",
              "C14",
              "C15",
              "C16",
              "C17",
              "C18",
              "C19",
              "C2",
              "C3",
              "C4",
              "C5",
              "C6",
              "C7",
              "C8",
              "C9"
            ],
            "has_null": false
          }
        }
      ],
      "foreignKeys": null,
      "tabularModelMetrics": {
        "accuracy": {
          "overall": 0.9481677,
          "univariate": 0.9722654,
          "bivariate": 0.9491335,
          "trivariate": 0.9231044,
          "coherence": null,
          "overallMax": 0.9885662,
          "univariateMax": 0.9964691,
          "bivariateMax": 0.9907207,
          "trivariateMax": 0.9785086,
          "coherenceMax": null
        },
        "distances": {
          "imsTraining": 0.0,
          "imsHoldout": 0.0,
          "imsTrnHol": 0.0,
          "dcrTraining": 0.277,
          "dcrHoldout": 0.277,
          "dcrTrnHol": 0.262,
          "dcrShare": 0.51,
          "nndrTraining": 0.474128284564,
          "nndrHoldout": 0.459433459777,
          "nndrTrnHol": 0.40259155961
        },
        "similarity": {
          "cosineSimilarityTrainingSynthetic": 0.9967169,
          "cosineSimilarityTrainingHoldout": 0.9997566,
          "discriminatorAUCTrainingSynthetic": 0.815,
          "discriminatorAUCTrainingHoldout": 0.5
        }
      },
      "languageModelMetrics": null,
      "tabularModelConfiguration": {
        "model": "MOSTLY_AI/Medium",
        "maxSampleSize": null,
        "batchSize": null,
        "gradientAccumulationSteps": null,
        "maxTrainingTime": 14400.0,
        "maxEpochs": 100.0,
        "maxSequenceWindow": 100,
        "enableFlexibleGeneration": true,
        "valueProtection": true,
        "rareCategoryReplacementMethod": "CONSTANT",
        "differentialPrivacy": null,
        "compute": null,
        "enableModelReport": true
      },
      "languageModelConfiguration": null,
      "totalRows": 100000
    }
  ],
  "randomState": null
}